-- phpMyAdmin SQL Dump
-- version 4.6.5.2
-- https://www.phpmyadmin.net/
--
-- Host: 127.0.0.1
-- Generation Time: Jun 18, 2018 at 11:34 AM
-- Server version: 10.1.21-MariaDB
-- PHP Version: 5.6.30

SET SQL_MODE = "NO_AUTO_VALUE_ON_ZERO";
SET time_zone = "+00:00";


/*!40101 SET @OLD_CHARACTER_SET_CLIENT=@@CHARACTER_SET_CLIENT */;
/*!40101 SET @OLD_CHARACTER_SET_RESULTS=@@CHARACTER_SET_RESULTS */;
/*!40101 SET @OLD_COLLATION_CONNECTION=@@COLLATION_CONNECTION */;
/*!40101 SET NAMES utf8mb4 */;

--
-- Database: `ecs`
--

-- --------------------------------------------------------

--
-- Table structure for table `app_master`
--

CREATE TABLE `app_master` (
  `app_id` int(10) NOT NULL,
  `app_name` varchar(100) NOT NULL,
  `app_url` varchar(500) DEFAULT NULL,
  `app_status` varchar(10) NOT NULL DEFAULT 'INACTIVE'
) ENGINE=InnoDB DEFAULT CHARSET=latin1;

--
-- Dumping data for table `app_master`
--

INSERT INTO `app_master` (`app_id`, `app_name`, `app_url`, `app_status`) VALUES
(20, 'test', 'http://localhost:8080/20_test', 'ACTIVE'),
(21, 'test2', 'http://localhost:8080/21_test2', 'ACTIVE'),
(22, 'Test3', 'http://localhost:8080/22_Test3', 'ACTIVE'),
(23, 'sample', 'http://localhost:8080/23_sample', 'ACTIVE'),
(24, 'test4', 'http://localhost:8080/24_test4', 'ACTIVE'),
(25, 'Tes5', 'http://localhost:8080/25_Tes5', 'ACTIVE'),
(26, 'Test6', 'http://localhost:8080/26_Test6', 'ACTIVE'),
(27, 'Test7', 'http://localhost:8080/27_Test7', 'ACTIVE'),
(28, 'Test8', 'http://localhost:8080/28_Test8', 'ACTIVE'),
(29, 'Prelim', 'http://localhost:8080/29_Prelim', 'ACTIVE'),
(30, 'Prelim2', 'http://localhost:8080/30_Prelim2', 'ACTIVE'),
(31, 'Pre', 'http://localhost:8080/31_Pre', 'ACTIVE'),
(32, 'QWE', 'http://localhost:8080/32_QWE', 'ACTIVE'),
(33, 'ASP', 'http://localhost:8080/33_ASP', 'ACTIVE'),
(34, 'QWERTY', 'http://localhost:8080/34_QWERTY', 'ACTIVE'),
(35, 'Final1', 'http://localhost:8080/35_Final1', 'ACTIVE'),
(36, 'Final_App', 'http://localhost:8080/36_Final_App', 'ACTIVE');

-- --------------------------------------------------------

--
-- Table structure for table `components`
--

CREATE TABLE `components` (
  `Comp_Id` bigint(10) NOT NULL,
  `Comp_Nam` varchar(50) DEFAULT NULL,
  `Comp_Typ` varchar(20) DEFAULT NULL,
  `Comp_Params` longtext,
  `Comp_Header` longtext,
  `Comp_Updt` timestamp NOT NULL DEFAULT CURRENT_TIMESTAMP ON UPDATE CURRENT_TIMESTAMP,
  `Comp_UpBy` varchar(20) DEFAULT NULL
) ENGINE=InnoDB DEFAULT CHARSET=latin1;

--
-- Dumping data for table `components`
--

INSERT INTO `components` (`Comp_Id`, `Comp_Nam`, `Comp_Typ`, `Comp_Params`, `Comp_Header`, `Comp_Updt`, `Comp_UpBy`) VALUES
(1, 'SinglePayment_maker.htm', 'HTML', 'payment', 'Single Payment', '2016-04-11 07:07:36', NULL),
(2, 'Payment_Viewer.htm', 'HTML', 'payment', 'Single Payment Checker', '2016-04-11 07:07:36', NULL),
(3, 'Payment_BulkUpload.htm', 'HTML', 'payment', 'Bulk Payments', '2016-04-11 07:07:36', NULL),
(4, 'Collection_BulkUpload.htm', 'HTML', 'collection', 'Upload Collections', '2016-04-11 07:18:08', NULL),
(5, 'BeneficiaryMaster.htm', 'HTML', 'master', 'Beneficiary', '2016-04-11 07:07:36', NULL),
(6, 'CollShortReport.htm', 'HTML', 'report', 'Short Report', '2016-04-11 07:07:36', NULL),
(7, 'UserRoleMappingMaster.htm', 'HMTL', 'master', 'User Role Mapping  Master', '2016-04-11 07:07:36', NULL),
(8, 'UserRoleMaster.htm', 'HTML', 'master', 'User Master', '2016-04-11 07:07:36', NULL),
(9, 'CollLongReport.htm', 'HTML', 'report', 'Long Report', '2016-04-11 07:07:36', NULL),
(10, 'WorkFlow.htm', 'HTML', 'report', 'Work Flow Details', '2016-04-11 07:07:36', NULL),
(11, '#', 'HTML', 'payment', 'Transfers', '2016-04-11 06:58:05', NULL),
(12, '#', 'HTML', 'payment', 'Payroll', '2016-04-11 06:58:05', NULL),
(13, '#', 'HTML', 'payment', 'Vendor Payments', '2016-04-11 06:58:05', NULL),
(14, '#', 'HTML', 'payment', 'Tax Payments', '2016-04-11 06:58:05', NULL),
(15, '#', NULL, 'collection', 'Cheques', '2016-04-11 08:18:05', NULL),
(16, '#', NULL, 'collection', 'Credit Cards', '2016-04-11 08:18:05', NULL),
(17, '#', NULL, 'collection', 'Cash', '2016-04-11 08:18:05', NULL),
(18, '#', NULL, 'collection', 'Direct Debits', '2016-04-11 08:18:05', NULL),
(19, 'PaymentReport.htm', NULL, 'report', 'Payments', '2016-04-11 07:07:36', NULL),
(20, 'Accounts.htm', NULL, 'report', 'Accounts', '2016-04-11 07:07:36', NULL),
(21, 'Collections.htm', NULL, 'report', 'Collections', '2016-04-11 07:07:36', NULL),
(22, 'MasterData.htm', NULL, 'report', 'Master Data', '2016-04-11 07:07:36', NULL),
(23, 'AuthMatrix.htm', 'HTML', 'master', 'Authorization Matrix', '2016-04-11 07:07:36', NULL);

-- --------------------------------------------------------

--
-- Table structure for table `cust_app`
--

CREATE TABLE `cust_app` (
  `sl_no` int(11) NOT NULL,
  `cust_id` varchar(10) NOT NULL,
  `app_id` longtext NOT NULL,
  `appServer_id` int(11) NOT NULL,
  `dbServer_id` int(11) NOT NULL,
  `appServer_type` varchar(10) NOT NULL DEFAULT 'shared',
  `dbServer_type` varchar(10) NOT NULL DEFAULT 'shared',
  `app_url` varchar(40) DEFAULT NULL,
  `db_url` varchar(40) DEFAULT NULL
) ENGINE=InnoDB DEFAULT CHARSET=latin1;

--
-- Dumping data for table `cust_app`
--

INSERT INTO `cust_app` (`sl_no`, `cust_id`, `app_id`, `appServer_id`, `dbServer_id`, `appServer_type`, `dbServer_type`, `app_url`, `db_url`) VALUES
(108, '69', '16', 9, 9, 'shared', 'shared', NULL, ''),
(109, '70', '16', 9, 9, 'shared', 'shared', NULL, ''),
(110, '70', '16', 9, 9, 'shared', 'shared', NULL, ''),
(111, '71', '16', 9, 9, 'shared', 'shared', NULL, ''),
(112, '72', '16', 9, 9, 'shared', 'shared', NULL, ''),
(113, '73', '16', 9, 9, 'shared', 'shared', NULL, ''),
(114, '73', '16', 9, 9, 'shared', 'shared', NULL, ''),
(115, '73', '16', 9, 9, 'shared', 'shared', NULL, ''),
(116, '74', '16', 9, 9, 'shared', 'shared', NULL, ''),
(117, '75', '16', 9, 9, 'shared', 'shared', NULL, ''),
(118, '76', '17', 2, 11, 'shared', 'dedicated', NULL, ''),
(119, '76', '17', 11, 11, 'dedicated', 'dedicated', NULL, ''),
(122, '79', '20', 11, 11, 'dedicated', 'dedicated', NULL, ''),
(123, '79', '23', 11, 11, 'dedicated', 'dedicated', NULL, ''),
(125, '81', '24', 12, 12, 'dedicated', 'dedicated', NULL, ''),
(126, '82', '24', 12, 12, 'dedicated', 'dedicated', NULL, ''),
(127, '83', '25', 11, 11, 'dedicated', 'dedicated', NULL, ''),
(128, '84', '25', 12, 12, 'dedicated', 'dedicated', NULL, ''),
(129, '83', '25', 11, 11, 'dedicated', 'dedicated', NULL, ''),
(130, '83', '25', 12, 12, 'dedicated', 'dedicated', NULL, ''),
(131, '85', '25', 12, 12, 'dedicated', 'dedicated', NULL, ''),
(132, '85', '25', 12, 12, 'dedicated', 'dedicated', NULL, ''),
(133, '85', '25', 11, 11, 'dedicated', 'dedicated', NULL, ''),
(134, '79', '26', 11, 11, 'dedicated', 'dedicated', NULL, ''),
(135, '79', '26', 12, 12, 'dedicated', 'dedicated', NULL, NULL),
(136, '83', '26', 12, 12, 'dedicated', 'dedicated', NULL, NULL),
(137, '86', '26', 12, 12, 'dedicated', 'dedicated', NULL, NULL),
(138, '87', '27', 11, 11, 'dedicated', 'dedicated', NULL, NULL),
(139, '88', '27', 9, 9, 'shared', 'shared', NULL, NULL),
(140, '88', '27', 9, 6, 'shared', 'shared', NULL, NULL),
(141, '88', '27', 9, 1, 'shared', 'shared', NULL, NULL),
(142, '88', '27', 9, 9, 'shared', 'shared', NULL, NULL),
(143, '89', '27', 9, 9, 'shared', 'shared', NULL, NULL),
(144, '90', '27', 9, 9, 'shared', 'shared', NULL, NULL),
(145, '91', '28', 9, 9, 'shared', 'shared', NULL, NULL),
(146, '92', '29', 9, 9, 'shared', 'shared', NULL, NULL),
(147, '93', '29', 11, 11, 'null', 'dedicated', NULL, NULL),
(148, '94', '20', 11, 11, 'null', 'dedicated', NULL, NULL),
(149, '94', '20', 11, 11, 'null', 'dedicated', NULL, NULL),
(150, '94', '20', 11, 3, 'null', 'dedicated', NULL, NULL),
(151, '95', '20', 11, 11, 'null', 'dedicated', NULL, NULL),
(152, '96', '29', 11, 11, 'null', 'dedicated', NULL, NULL),
(153, '97', '30', 11, 11, 'dedicated', 'dedicated', '192.168.217.1', '192.168.217.1'),
(154, '98', '31', 11, 11, 'dedicated', 'dedicated', '192.168.217.1', '192.168.217.1'),
(155, '99', '32', 11, 11, 'dedicated', 'dedicated', '192.168.217.1', '192.168.217.1'),
(156, '100', '33', 11, 11, 'dedicated', 'dedicated', '192.168.217.1', '192.168.217.1'),
(157, '101', '34', 11, 11, 'dedicated', 'dedicated', '192.168.43.79', '192.168.43.79'),
(158, '102', '35', 9, 9, 'shared', 'shared', '192.168.43.18', '192.168.43.18');

-- --------------------------------------------------------

--
-- Table structure for table `cust_master`
--

CREATE TABLE `cust_master` (
  `cust_id` int(11) NOT NULL,
  `cust_name` varchar(100) NOT NULL,
  `cust_username` varchar(100) NOT NULL,
  `cust_email` varchar(100) NOT NULL,
  `cust_pwd` varchar(100) NOT NULL,
  `cust_status` varchar(10) NOT NULL DEFAULT 'INACTIVE'
) ENGINE=InnoDB DEFAULT CHARSET=latin1;

--
-- Dumping data for table `cust_master`
--

INSERT INTO `cust_master` (`cust_id`, `cust_name`, `cust_username`, `cust_email`, `cust_pwd`, `cust_status`) VALUES
(79, 'Debasis Panda', 'DP', 'dp.debasispanda96@gmail.com', '123', 'ACTIVE'),
(81, 'Manoranjan Panda', 'Mano', 'dp.debasispanda96@gmail.com', 'lxEPBKB4', 'ACTIVE'),
(82, 'Debasis Panda', 'DP1', 'dp.debasispanda96@gmail.com', 'XYxP9wtK', 'INACTIVE'),
(83, 'Debasis Panda', 'DP123', 'dp.debasispanda96@gmail.com', 'JRrn1HsC', 'ACTIVE'),
(84, 'Debasis Panda', 'Debas', 'dp.debasispanda96@gmail.com', 'Z$NUnIUS', 'INACTIVE'),
(85, 'Manoranjan Panda', 'Mano123', 'dp.debasispanda96@gmail.com', '#gPFR23k', 'ACTIVE'),
(86, 'Debasis Panda', 'DP1234', 'dp.debasispanda96@gmail.com', 'UZWAIQTH', 'ACTIVE'),
(87, 'Debasis Panda', 'DP12345', 'dp.debasispanda96@gmail.com', '123', 'ACTIVE'),
(88, 'Debasis Panda', 'DPDP', 'dp.debasispanda96@gmail.com', '#QpXk@oc', 'INACTIVE'),
(89, 'Debasis Panda', 'DPDPDP', 'dp.debasispanda96@gmail.com', 'BoGaNH#k', 'INACTIVE'),
(90, 'Debasis Panda', 'DPDPDPDP', 'dp.debasispanda96@gmail.com', 'cCgaIqgo', 'ACTIVE'),
(91, 'Debasis Panda', 'DPDP123', 'dp.debasispanda96@gmail.com', '123', 'ACTIVE'),
(92, 'DEb', 'DPP', 'dp.debasispanda96@gmail.com', '123', 'ACTIVE'),
(93, 'Debasis Panda', 'DPDPDPDPD', 'dp.debasispanda96@gmail.com', '123', 'INACTIVE'),
(94, 'Debasis Panda', 'DebDPDeb', 'dp.debasispanda96@gmail.com', '123', 'INACTIVE'),
(95, 'Debasis Panda', 'DebDPDebDP', 'dp.debasispanda96@gmail.com', '123', 'ACTIVE'),
(96, 'Debasis Panda', 'DPDPDPDPDP', 'dp.debasispanda96@gmail.com', '123', 'ACTIVE'),
(97, 'Manoranjan Panda', 'MPMP', 'dp.debasispanda96@gmail.com', '123', 'ACTIVE'),
(98, 'Debasis Panda', 'DPMP', 'dp.debasispanda96@gmail.com', '123', 'ACTIVE'),
(99, 'Debasis Panda', 'DPDPDMP', 'dp.debasispanda96@gmail.com', '123', 'ACTIVE'),
(100, 'Manoranjan Panda', 'MPDPMP', 'dp.debasispanda96@gmail.com', '123', 'ACTIVE'),
(101, 'Debasis Panda', 'DPMPDPMP', 'dp.debasispanda96@gmail.com', '123', 'ACTIVE'),
(102, 'Asmita', 'ASM', 'dp.debasispanda96@gmail.com', '123', 'ACTIVE');

-- --------------------------------------------------------

--
-- Table structure for table `resources`
--

CREATE TABLE `resources` (
  `id` int(11) NOT NULL,
  `name` varchar(20) NOT NULL,
  `status` varchar(10) NOT NULL DEFAULT 'DOWN',
  `machine_details` longtext NOT NULL,
  `ip` varchar(20) NOT NULL,
  `servers` longtext NOT NULL,
  `app_server` int(11) NOT NULL DEFAULT '0',
  `db_server` int(11) NOT NULL DEFAULT '0'
) ENGINE=InnoDB DEFAULT CHARSET=latin1;

--
-- Dumping data for table `resources`
--

INSERT INTO `resources` (`id`, `name`, `status`, `machine_details`, `ip`, `servers`, `app_server`, `db_server`) VALUES
(1, 'I', 'UP', '{\"processor\": \"i3\", \"ram\": \"2\", \"disk_space\": \"200\", \"os\": \"windows\"}', '1234', '{ \"application\" : {\"type\" : \"shared\" , \"servers\" : { \"name\" : \"Tomcat\" , \"port\" : \"8009\" , \"ip\" : \"2345678\" , \"username\" : \"root\" , \"password\" : \"root\" , \"status\": \"available\" , \"appid\" : \"1\"}}\n\"database\" : {\"type\" : \"shared\" , \"servers\" : { \"name\" : \"MySql\" , \"port\" : \"8080\" , \"ip\" : \"87857\" , \"username\" : \"root\" , \"password\" : \"\" , \"status\": \"available\" , \"appid\" : \"1\"}}\n}', 1, 1),
(2, 'DP', 'UP', '{\"processor\": \"i7\", \"ram\": \"8\", \"disk_space\": \"200\", \"os\": \"windows\"}\r\n', '78676575', '{ \"application\" : {\"type\" : \"shared\" , \"servers\" : { \"name\" : \"Tomcat\" , \"port\" : \"8009\" , \"ip\" : \"2345678\" , \"username\" : \"root\" , \"password\" : \"root\" , \"status\": \"busy\" , \"appid\" : \"3\"}}\r\n\"database\" : {\"type\" : \"dedicated\" , \"servers\" : { \"name\" : \"MySql\" , \"port\" : \"8080\" , \"ip\" : \"87857\" , \"username\" : \"root\" , \"password\" : \"\" , \"status\": \"busy\" , \"appid\" : \"3\"}}\r\n}', 1, 1),
(3, 'sadkjh', 'UP', '{\"processor\": \"i3\", \"ram\": \"2\", \"disk_space\": \"200\", \"os\": \"windows\"}', '234567890', '{ \"application\" : {\"type\" : \"dedicated\" , \"servers\" : { \"name\" : \"Tomcat\" , \"port\" : \"8009\" , \"ip\" : \"2345678\" , \"username\" : \"root\" , \"password\" : \"root\" , \"status\": \"available\" , \"appid\" : \"3\"}}\r\n\"database\" : {\"type\" : \"dedicated\" , \"servers\" : { \"name\" : \"MySql\" , \"port\" : \"8080\" , \"ip\" : \"87857\" , \"username\" : \"root\" , \"password\" : \"\" , \"status\": \"available\" , \"appid\" : \"3\"}}\r\n}', 1, 1),
(4, 'mbkjgh.', 'UP', '{\"processor\": \"i3\", \"ram\": \"2\", \"disk_space\": \"200\", \"os\": \"windows\"}', '7567346', '{ \"application\" : {\"type\" : \"dedicated\" , \"servers\" : { \"name\" : \"Tomcat\" , \"port\" : \"8009\" , \"ip\" : \"2345678\" , \"username\" : \"root\" , \"password\" : \"root\" , \"status\": \"busy\" , \"appid\" : \"3\"}}\n\"database\" : {\"type\" : \"dedicated\" , \"servers\" : { \"name\" : \"MySql\" , \"port\" : \"8080\" , \"ip\" : \"87857\" , \"username\" : \"root\" , \"password\" : \"\" , \"status\": \"busy\" , \"appid\" : \"3\"}}\n}', 1, 1),
(5, 'oipuk', 'UP', '{\"processor\": \"i3\", \"ram\": \"2\", \"disk_space\": \"200\", \"os\": \"windows\"}', '134556789', '{ \"application\" : {\"type\" : \"shared\" , \"servers\" : { \"name\" : \"Tomcat\" , \"port\" : \"8009\" , \"ip\" : \"2345678\" , \"username\" : \"root\" , \"password\" : \"root\" , \"status\": \"available\" , \"appid\" : \"3\"}}\r\n}', 1, 0),
(6, 'giyhbm', 'UP', '{\"processor\": \"i3\", \"ram\": \"2\", \"disk_space\": \"200\", \"os\": \"windows\"}', '23235436', '{ \"application\" : {\"type\" : \"dedicated\" , \"servers\" : { \"name\" : \"Tomcat\" , \"port\" : \"8009\" , \"ip\" : \"2345678\" , \"username\" : \"root\" , \"password\" : \"root\" , \"status\": \"busy\" , \"appid\" : \"3\"}}\r\n\"database\" : {\"type\" : \"shared\" , \"servers\" : { \"name\" : \"MySql\" , \"port\" : \"8080\" , \"ip\" : \"87857\" , \"username\" : \"root\" , \"password\" : \"\" , \"status\": \"busy\" , \"appid\" : \"3\"}}\r\n}', 1, 1),
(7, 'erdfgvbjklj', 'UP', '{\"processor\": \"i3\", \"ram\": \"2\", \"disk_space\": \"200\", \"os\": \"windows\"}', '536475', '{ \"application\" : {\"type\" : \"dedicated\" , \"servers\" : { \"name\" : \"Tomcat\" , \"port\" : \"8009\" , \"ip\" : \"2345678\" , \"username\" : \"root\" , \"password\" : \"root\" , \"status\": \"available\" , \"appid\" : \"3\"}}\r\n}', 1, 0),
(8, 'zxkjghzxbj', 'UP', '{\"processor\": \"i3\", \"ram\": \"2\", \"disk_space\": \"200\", \"os\": \"windows\"}', '3245678909', '{ \"application\" : {\"type\" : \"dedicated\" , \"servers\" : { \"name\" : \"Tomcat\" , \"port\" : \"8009\" , \"ip\" : \"2345678\" , \"username\" : \"root\" , \"password\" : \"root\" , \"status\": \"busy\" , \"appid\" : \"3\"}}\r\n}', 1, 0),
(9, 'Asmita', 'UP', '{\"processor\": \"i3\", \"ram\": \"2\", \"disk_space\": \"200\", \"os\": \"windows\"}\n', '192.168.43.18', '{ \"application\" : {\"type\" : \"shared\" , \"servers\" : { \"name\" : \"Tomcat\" , \"port\" : \"8080\" , \"ip\" : \"192.168.43.18\" , \"username\" : \"root\" , \"password\" : \"root\" , \"status\": \"available\" , \"appid\" : \"3\"}},\n\"database\" : {\"type\" : \"shared\" , \"servers\" : { \"name\" : \"MySql\" , \"port\" : \"8080\" , \"ip\" : \"192.168.43.18\" , \"username\" : \"root\" , \"password\" : \"root\" , \"status\": \"available\" , \"appid\" : \"3\"}}\n\"network\" : {\"path\": \"DESKTOP-ASMITA\",\"username\":\"Asmita\",\"password\":\"little\"\n}\n}', 1, 1),
(10, 'Ipilli', 'UP', '{\"processor\": \"i3\", \"ram\": \"2\", \"disk_space\": \"200\", \"os\": \"windows\"}', '192.168.43.210', '{\r\n	\"application\": {\r\n		\"type\": \"dedicated\",\r\n		\"servers\": {\r\n			\"name\": \"Tomcat\",\r\n			\"port\": \"8080\",\r\n			\"ip\": \"192.168.43.210\",\r\n			\"username\": \"root\",\r\n			\"password\": \"root\",\r\n			\"status\": \"available\",\r\n			\"appid\": \"3\"\r\n		}\r\n	},\r\n	\"database\": {\r\n		\"type\": \"dedicated\",\r\n		\"servers\": {\r\n			\"name\": \"MySql\",\r\n			\"port\": \"8080\",\r\n			\"ip\": \"87857\",\r\n			\"username\": \"root\",\r\n			\"password\": \"\",\r\n			\"status\": \"available\",\r\n			\"appid\": \"3\"\r\n		}\r\n	},\r\n	\"network\": {\r\n		\"path\": \"SONU\",\r\n		\"username\": \"I Sidhartha Kuamr\",\r\n		\"password\": \"sonu\"\r\n	}\r\n}', 1, 1),
(11, 'Debasis', 'UP', '{\"processor\": \"i3\", \"ram\": \"2\", \"disk_space\": \"200\", \"os\": \"windows\"}', '192.168.43.79', '{\n	\"application\": {\n		\"type\": \"dedicated\",\n		\"servers\": {\n			\"name\": \"Tomcat\",\n			\"port\": \"8080\",\n			\"ip\": \"192.168.43.79\",\n			\"username\": \"root\",\n			\"password\": \"root\",\n			\"status\": \"available\",\n			\"appid\": \"3\"\n		}\n	},\n	\"database\": {\n		\"type\": \"dedicated\",\n		\"servers\": {\n			\"name\": \"MySql\",\n			\"port\": \"8080\",\n			\"ip\": \"192.168.43.79\",\n			\"username\": \"root\",\n			\"password\": \"\",\n			\"status\": \"available\",\n			\"appid\": \"3\"\n		}\n	},\n	\"network\": {\n		\"path\": \"DESKTOP-DP\",\n		\"username\": \"Debasis\",\n		\"password\": \"debasis\"\n	}\n}', 1, 1),
(12, 'IDAN', 'UP', '{\"processor\": \"i3\", \"ram\": \"2\", \"disk_space\": \"200\", \"os\": \"windows\"}', '192.168.43.37', '{\n	\"application\": {\n		\"type\": \"dedicated\",\n		\"servers\": {\n			\"name\": \"Tomcat\",\n			\"port\": \"8080\",\n			\"ip\": \"192.168.43.37\",\n			\"username\": \"admin\",\n			\"password\": \"admin\",\n			\"status\": \"available\",\n			\"appid\": \"3\"\n		}\n	},\n	\"database\": {\n		\"type\": \"dedicated\",\n		\"servers\": {\n			\"name\": \"MySql\",\n			\"port\": \"8080\",\n			\"ip\": \"192.168.43.37\",\n			\"username\": \"root\",\n			\"password\": \"\",\n			\"status\": \"available\",\n			\"appid\": \"3\"\n		}\n	},\n	\"network\": {\n		\"path\": \"IDAN-PC\",\n		\"username\": \"IDAN\",\n		\"password\": \"password\"\n	}\n}', 1, 1);

-- --------------------------------------------------------

--
-- Table structure for table `roles_master`
--

CREATE TABLE `roles_master` (
  `Role_Id` bigint(10) NOT NULL,
  `Role_Nam` varchar(20) DEFAULT NULL,
  `Role_Desc` varchar(100) DEFAULT NULL,
  `Group_Nam` varchar(50) DEFAULT NULL,
  `Updated_By` varchar(20) DEFAULT NULL,
  `Updated_At` timestamp NULL DEFAULT CURRENT_TIMESTAMP ON UPDATE CURRENT_TIMESTAMP
) ENGINE=InnoDB DEFAULT CHARSET=latin1;

--
-- Dumping data for table `roles_master`
--

INSERT INTO `roles_master` (`Role_Id`, `Role_Nam`, `Role_Desc`, `Group_Nam`, `Updated_By`, `Updated_At`) VALUES
(1, 'Maker', 'Maker', 'CMS', 'user1', '2016-04-09 08:42:14'),
(2, 'Verifier', 'Verifier', 'CMS', 'user1', '2016-04-09 08:42:14'),
(3, 'Authorizer', 'Authorizer', 'CMS', 'user1', '2016-04-09 08:42:14'),
(4, 'Treasury', 'Treasury', 'CMS', 'user1', '2016-04-09 08:42:14'),
(5, 'Admin', 'Admin', 'CMS', 'user1', '2016-04-09 08:42:14'),
(6, 'SysAdmin', 'SysAdmin', 'CMS', 'user1', '2016-04-09 08:42:14'),
(7, 'Authorizer1', 'Authorizer', 'CMS', 'user1', '2016-04-09 08:43:16'),
(8, 'Authorizer2', 'Authorizer', 'CMS', 'user1', '2016-04-09 08:43:16'),
(9, 'Authorizer3', 'Authorizer', 'CMS', 'user1', '2016-04-09 08:43:16');

-- --------------------------------------------------------

--
-- Table structure for table `rolewise_comps`
--

CREATE TABLE `rolewise_comps` (
  `SlNo` bigint(10) NOT NULL,
  `Comp_Id` bigint(10) NOT NULL,
  `Role_Id` bigint(10) NOT NULL,
  `ACL` longtext,
  `Updated_By` varchar(20) NOT NULL,
  `Updated_At` timestamp NOT NULL DEFAULT CURRENT_TIMESTAMP ON UPDATE CURRENT_TIMESTAMP
) ENGINE=InnoDB DEFAULT CHARSET=latin1;

--
-- Dumping data for table `rolewise_comps`
--

INSERT INTO `rolewise_comps` (`SlNo`, `Comp_Id`, `Role_Id`, `ACL`, `Updated_By`, `Updated_At`) VALUES
(1, 1, 1, NULL, '', '2016-04-04 09:26:15'),
(2, 2, 2, NULL, '', '2016-04-04 09:26:15'),
(3, 2, 3, NULL, '', '2016-04-04 09:26:15'),
(4, 2, 4, NULL, '', '2016-04-04 09:26:15'),
(5, 3, 1, NULL, '', '2016-04-04 09:26:15'),
(6, 4, 1, NULL, '', '2016-04-04 09:26:15'),
(7, 6, 1, NULL, '', '2016-04-04 09:26:15'),
(8, 6, 2, NULL, '', '2016-04-04 09:26:15'),
(10, 6, 3, NULL, '', '2016-04-04 09:26:15'),
(16, 6, 4, NULL, '', '2016-04-04 09:26:15'),
(17, 9, 1, NULL, '', '2016-04-04 09:26:15'),
(18, 9, 2, NULL, '', '2016-04-04 09:26:15'),
(19, 9, 3, NULL, '', '2016-04-04 09:26:15'),
(20, 9, 4, NULL, '', '2016-04-04 09:26:15'),
(21, 5, 5, NULL, '', '2016-04-04 09:28:12'),
(22, 7, 5, NULL, '', '2016-04-04 09:28:12'),
(23, 8, 5, NULL, '', '2016-04-04 09:28:12'),
(24, 10, 5, NULL, '', '2016-04-04 09:28:12'),
(25, 1, 6, NULL, '', '2016-04-04 09:28:12'),
(26, 2, 6, NULL, '', '2016-04-04 09:28:12'),
(27, 3, 6, NULL, '', '2016-04-04 09:28:12'),
(28, 4, 6, NULL, '', '2016-04-04 09:28:12'),
(29, 5, 6, NULL, '', '2016-04-04 09:28:12'),
(30, 6, 6, NULL, '', '2016-04-04 09:28:12'),
(31, 7, 6, NULL, '', '2016-04-04 09:28:12'),
(32, 8, 6, NULL, '', '2016-04-04 09:28:12'),
(33, 9, 6, NULL, '', '2016-04-04 09:28:12'),
(34, 10, 6, NULL, '', '2016-04-04 09:28:12'),
(35, 11, 1, NULL, '', '2016-04-08 06:30:50'),
(36, 12, 1, NULL, '', '2016-04-08 06:30:50'),
(37, 13, 1, NULL, '', '2016-04-08 06:30:50'),
(38, 14, 1, NULL, '', '2016-04-08 06:30:50'),
(39, 11, 6, NULL, '', '2016-04-08 06:30:50'),
(40, 12, 6, NULL, '', '2016-04-08 06:30:50'),
(41, 13, 6, NULL, '', '2016-04-08 06:30:50'),
(42, 14, 6, NULL, '', '2016-04-08 06:30:50'),
(43, 15, 1, NULL, '', '2016-04-08 07:07:29'),
(44, 16, 1, NULL, '', '2016-04-08 07:07:29'),
(45, 17, 1, NULL, '', '2016-04-08 07:07:29'),
(46, 18, 1, NULL, '', '2016-04-08 07:07:29'),
(47, 15, 6, NULL, '', '2016-04-08 07:07:29'),
(48, 16, 6, NULL, '', '2016-04-08 07:07:29'),
(49, 17, 6, NULL, '', '2016-04-08 07:07:29'),
(50, 18, 6, NULL, '', '2016-04-08 07:07:29'),
(51, 19, 5, NULL, '', '2016-04-08 07:47:25'),
(52, 20, 5, NULL, '', '2016-04-08 07:47:25'),
(53, 21, 5, NULL, '', '2016-04-08 07:47:25'),
(54, 22, 5, NULL, '', '2016-04-08 07:47:25'),
(55, 19, 6, NULL, '', '2016-04-08 07:48:02'),
(56, 20, 6, NULL, '', '2016-04-08 07:48:02'),
(57, 21, 6, NULL, '', '2016-04-08 07:48:02'),
(58, 22, 6, NULL, '', '2016-04-08 07:48:02'),
(59, 19, 1, NULL, '', '2016-04-08 07:48:02'),
(60, 20, 1, NULL, '', '2016-04-08 07:48:02'),
(61, 21, 1, NULL, '', '2016-04-08 07:48:02'),
(62, 22, 1, NULL, '', '2016-04-08 07:48:02'),
(63, 23, 6, NULL, '', '2016-04-09 02:12:56'),
(64, 24, 6, NULL, '', '2016-04-09 02:12:56'),
(65, 25, 6, NULL, '', '2016-04-09 02:12:56'),
(66, 26, 6, NULL, '', '2016-04-09 02:12:56'),
(67, 27, 6, NULL, '', '2016-04-09 02:12:56'),
(68, 23, 1, NULL, '', '2016-04-09 02:12:56'),
(69, 24, 1, NULL, '', '2016-04-09 02:12:56'),
(70, 25, 1, NULL, '', '2016-04-09 02:12:56'),
(71, 26, 1, NULL, '', '2016-04-09 02:12:56'),
(72, 27, 1, NULL, '', '2016-04-09 02:12:56'),
(73, 26, 6, NULL, '', '2016-04-09 11:36:39'),
(74, 27, 6, NULL, '', '2016-04-09 11:36:39'),
(75, 28, 1, NULL, '', '2016-04-09 12:10:25'),
(76, 28, 6, NULL, '', '2016-04-09 12:10:25'),
(77, 2, 7, NULL, '', '2016-12-20 09:13:38'),
(78, 2, 8, NULL, '', '2016-12-20 09:13:38');

-- --------------------------------------------------------

--
-- Table structure for table `user_profiles`
--

CREATE TABLE `user_profiles` (
  `SlNo` bigint(10) NOT NULL,
  `Corp_Id` varchar(10) NOT NULL,
  `Cust_Id` varchar(20) NOT NULL,
  `User_Id` varchar(10) DEFAULT NULL,
  `User_Nam` varchar(10) DEFAULT NULL,
  `Secret_Key` longtext,
  `User_CIF` varchar(50) DEFAULT NULL,
  `User_Email` varchar(50) DEFAULT NULL,
  `User_Contact` varchar(200) DEFAULT NULL,
  `User_Sts` varchar(20) DEFAULT NULL,
  `User_Crdt` timestamp NULL DEFAULT NULL,
  `User_Updt` timestamp NOT NULL DEFAULT CURRENT_TIMESTAMP ON UPDATE CURRENT_TIMESTAMP,
  `User_Upby` varchar(20) NOT NULL
) ENGINE=InnoDB DEFAULT CHARSET=latin1;

--
-- Dumping data for table `user_profiles`
--

INSERT INTO `user_profiles` (`SlNo`, `Corp_Id`, `Cust_Id`, `User_Id`, `User_Nam`, `Secret_Key`, `User_CIF`, `User_Email`, `User_Contact`, `User_Sts`, `User_Crdt`, `User_Updt`, `User_Upby`) VALUES
(1, 'CORP0001', 'CORPCUST00', 'user1', 'sai', '123', 'user1', 'ABC@XYZ.com', NULL, 'Active', NULL, '2018-06-18 09:33:40', ''),
(2, 'CORP0001', 'CORPCUST00', 'user2', 'srilatha', '123', 'user2', 'ABC@XYZ.com', NULL, 'Active', NULL, '2018-06-18 09:33:52', ''),
(3, 'CORP0001', 'CORPCUST00', 'user3', 'sanjay', '123', 'user3', 'ABC@XYZ.com', NULL, 'Active', NULL, '2018-06-18 09:33:52', ''),
(9, 'CORP0001', 'CORPCUST00', 'user4', 'surya', '123', 'user4', 'ABC@XYZ.com', '', 'Active', NULL, '2018-06-18 09:33:52', ''),
(10, 'CORP0001', 'CORPCUST00', 'user5', 'Sarmitha', '123', 'user5', 'ABC@XYZ.com', NULL, 'Active', NULL, '2018-06-18 09:33:52', ''),
(11, 'CORP0001', 'CORPCUST00', 'user6', 'Sailen', '123', 'user6', 'ABC@XYZ.com', 'sdfdfg', 'Active', NULL, '2018-06-18 09:33:52', 'srilatha'),
(12, 'CORP0001', 'CORPCUST00', 'I_Maker', 'Maker', '123', 'I_Maker', 'ABC@XYZ.com', NULL, 'Active', NULL, '2018-06-18 09:33:52', ''),
(13, 'CORP0001', 'CORPCUST00', 'I_Auth', 'Autho', '123', 'I_Auth', 'ABC@XYZ.com', NULL, 'Active', NULL, '2018-06-18 09:33:52', ''),
(14, 'CORP0001', 'CORPCUST00', 'N_Maker', 'Maker', '123', 'N_Maker', 'ABC@XYZ.com', NULL, 'Active', NULL, '2018-06-18 09:33:52', ''),
(15, 'CORP0001', 'CORPCUST00', 'N_Verifier', 'Verif', '123', 'N_Verifier', 'ABC@XYZ.com', NULL, 'Active', NULL, '2018-06-18 09:33:52', ''),
(16, 'CORP0001', 'CORPCUST00', 'N_Auth1', 'Autho', '123', 'N_Auth1', 'ABC@XYZ.com', NULL, 'Active', NULL, '2018-06-18 09:33:52', ''),
(17, 'CORP0001', 'CORPCUST00', 'B_Maker', 'Maker', '123', 'B_Maker', 'ABC@XYZ.com', NULL, 'Active', NULL, '2018-06-18 09:33:52', ''),
(18, 'CORP0001', 'CORPCUST00', 'B_Verifier', 'Verif', '123', 'B_Verifier', 'ABC@XYZ.com', NULL, 'Active', NULL, '2018-06-18 09:33:52', ''),
(19, 'CORP0001', 'CORPCUST00', 'B_Auth1', 'Autho', '123', 'B_Auth1', 'ABC@XYZ.com', NULL, 'Active', NULL, '2018-06-18 09:33:52', ''),
(20, 'CORP0001', 'CORPCUST00', 'B_Auth2', 'Autho', '123', 'B_Auth2', 'ABC@XYZ.com', NULL, 'Active', NULL, '2018-06-18 09:33:52', ''),
(21, 'CORP0001', 'CORPCUST00', 'B_Treasury', 'Treas', '123', 'B_Treasury', 'ABC@XYZ.com', NULL, 'Active', NULL, '2018-06-18 09:33:52', ''),
(22, 'CORP0001', 'CORPCUST00', 'S_Maker', 'Maker', '123', 'S_Maker', 'ABC@XYZ.com', NULL, 'Active', NULL, '2018-06-18 09:33:52', ''),
(23, 'CORP0001', 'CORPCUST00', 'S_Verifier', 'Verif', '123', 'S_Verifier', 'ABC@XYZ.com', NULL, 'Active', NULL, '2018-06-18 09:33:52', ''),
(24, 'CORP0001', 'CORPCUST00', 'S_Auth1', 'Autho', '123', 'S_Auth1', 'ABC@XYZ.com', NULL, 'Active', NULL, '2018-06-18 09:33:52', ''),
(25, 'CORP0001', 'CORPCUST00', 'S_Auth2', 'Autho', '123', 'S_Auth2', 'ABC@XYZ.com', NULL, 'Active', NULL, '2018-06-18 09:33:52', ''),
(26, 'CORP0001', 'CORPCUST00', 'S_Auth3', 'Autho', '123', 'S_Auth3', 'ABC@XYZ.com', NULL, 'Active', NULL, '2018-06-18 09:33:52', '');

-- --------------------------------------------------------

--
-- Table structure for table `user_roles`
--

CREATE TABLE `user_roles` (
  `SlNo` bigint(10) NOT NULL,
  `User_Id` varchar(10) DEFAULT NULL,
  `Role_Id` bigint(10) DEFAULT NULL,
  `Group_Nam` varchar(50) DEFAULT NULL,
  `Auth_Info` longtext,
  `Auth_Sts` varchar(20) DEFAULT NULL,
  `Remarks` varchar(200) DEFAULT NULL,
  `URoles_Crdt` timestamp NULL DEFAULT NULL,
  `URoles_Updt` timestamp NOT NULL DEFAULT CURRENT_TIMESTAMP ON UPDATE CURRENT_TIMESTAMP,
  `URoles_Upby` varchar(20) NOT NULL
) ENGINE=InnoDB DEFAULT CHARSET=latin1;

--
-- Dumping data for table `user_roles`
--

INSERT INTO `user_roles` (`SlNo`, `User_Id`, `Role_Id`, `Group_Nam`, `Auth_Info`, `Auth_Sts`, `Remarks`, `URoles_Crdt`, `URoles_Updt`, `URoles_Upby`) VALUES
(27, 'user3', 3, 'CMS', NULL, 'Active', NULL, NULL, '2016-04-04 09:21:34', ''),
(28, 'user4', 4, 'CMS', NULL, 'Active', NULL, NULL, '2016-04-04 09:21:34', ''),
(30, 'user6', 6, 'CMS', NULL, 'Active', NULL, NULL, '2016-04-04 09:21:34', ''),
(31, 'I_Maker', 1, 'CMS', NULL, 'Active', NULL, NULL, '2016-04-09 12:26:39', ''),
(32, 'N_Maker', 1, 'CMS', NULL, 'Active', NULL, NULL, '2016-04-09 12:26:39', ''),
(33, 'B_Maker', 1, 'CMS', NULL, 'Active', NULL, NULL, '2016-04-09 12:26:39', ''),
(34, 'S_Maker', 1, 'CMS', NULL, 'Active', NULL, NULL, '2016-04-09 12:26:39', ''),
(36, 'B_Verifier', 2, 'CMS', NULL, 'Active', NULL, NULL, '2016-04-09 12:26:39', ''),
(37, 'S_Verifier', 2, 'CMS', NULL, 'Active', NULL, NULL, '2016-04-09 12:26:39', ''),
(38, 'I_Auth', 3, 'CMS', NULL, 'Active', NULL, NULL, '2016-04-09 12:26:39', ''),
(39, 'N_Auth1', 3, 'CMS', NULL, 'Active', NULL, NULL, '2016-04-09 12:26:39', ''),
(40, 'B_Auth1', 7, 'CMS', NULL, 'Active', NULL, NULL, '2016-12-20 09:10:39', ''),
(41, 'B_Auth2', 8, 'CMS', NULL, 'Active', NULL, NULL, '2016-12-20 09:10:39', ''),
(42, 'S_Auth1', 3, 'CMS', NULL, 'Active', NULL, NULL, '2016-04-09 12:26:39', ''),
(43, 'S_Auth2', 3, 'CMS', NULL, 'Active', NULL, NULL, '2016-04-09 12:26:39', ''),
(44, 'S_Auth3', 3, 'CMS', NULL, 'Active', NULL, NULL, '2016-04-09 12:26:39', ''),
(45, 'B_Treasury', 4, 'CMS', NULL, 'Active', NULL, NULL, '2016-04-09 12:26:39', ''),
(46, 'user2', 2, NULL, NULL, NULL, NULL, NULL, '2016-06-10 12:19:09', 'user6'),
(47, 'user2', 4, NULL, NULL, NULL, NULL, NULL, '2016-06-10 12:19:09', 'user6'),
(71, 'N_Verifier', 2, NULL, NULL, NULL, NULL, NULL, '2016-09-15 07:45:38', 'user5'),
(72, 'N_Verifier', 4, NULL, NULL, NULL, NULL, NULL, '2016-09-15 07:45:38', 'user5'),
(73, 'N_Verifier', 9, NULL, NULL, NULL, NULL, NULL, '2016-09-15 07:45:38', 'user5'),
(76, 'user5', 5, NULL, NULL, NULL, NULL, NULL, '2016-09-15 07:51:37', 'user5'),
(77, 'user5', 6, NULL, NULL, NULL, NULL, NULL, '2016-09-15 07:51:37', 'user5'),
(78, 'user5', 4, NULL, NULL, NULL, NULL, NULL, '2016-09-15 07:51:37', 'user5'),
(79, 'user5', 9, NULL, NULL, NULL, NULL, NULL, '2016-09-15 07:51:37', 'user5'),
(80, 'user1', 1, NULL, NULL, NULL, NULL, NULL, '2016-12-22 11:01:39', 'user5'),
(81, 'user1', 3, NULL, NULL, NULL, NULL, NULL, '2016-12-22 11:01:39', 'user5'),
(82, 'user1', 7, NULL, NULL, NULL, NULL, NULL, '2016-12-22 11:01:39', 'user5');

-- --------------------------------------------------------

--
-- Table structure for table `user_sessions`
--

CREATE TABLE `user_sessions` (
  `User_Id` varchar(20) NOT NULL,
  `User_Token` varchar(50) DEFAULT NULL,
  `OTP` bigint(11) DEFAULT NULL,
  `Ssn_Started_At` datetime NOT NULL,
  `Last_Interacted_At` timestamp NULL DEFAULT CURRENT_TIMESTAMP ON UPDATE CURRENT_TIMESTAMP
) ENGINE=InnoDB DEFAULT CHARSET=latin1;

--
-- Dumping data for table `user_sessions`
--

INSERT INTO `user_sessions` (`User_Id`, `User_Token`, `OTP`, `Ssn_Started_At`, `Last_Interacted_At`) VALUES
('n_auth1', '[B@28eb5041', NULL, '2017-01-12 18:22:49', '2017-01-12 12:52:49'),
('user1', '[B@322a446f', NULL, '2017-06-06 15:11:53', '2017-06-06 09:41:53'),
('user4', '[B@6b191cd6', NULL, '2016-06-09 10:52:59', '2016-06-09 05:22:59');

-- --------------------------------------------------------

--
-- Table structure for table `user_ssn_log`
--

CREATE TABLE `user_ssn_log` (
  `SlNo` bigint(10) NOT NULL,
  `User_Id` varchar(20) NOT NULL,
  `Ssn_Started_At` datetime NOT NULL,
  `Ssn_Ended_At` timestamp NULL DEFAULT CURRENT_TIMESTAMP ON UPDATE CURRENT_TIMESTAMP
) ENGINE=InnoDB DEFAULT CHARSET=latin1;

--
-- Dumping data for table `user_ssn_log`
--

INSERT INTO `user_ssn_log` (`SlNo`, `User_Id`, `Ssn_Started_At`, `Ssn_Ended_At`) VALUES
(102, 'user1', '2016-03-31 13:16:32', '2016-03-31 07:48:48'),
(103, 'user2', '2016-03-31 13:47:42', '2016-03-31 08:20:12'),
(104, 'user2', '2016-03-31 13:50:18', '2016-03-31 08:21:18'),
(105, 'user2', '2016-03-31 14:09:21', '2016-03-31 08:41:31'),
(106, 'user1', '2016-03-31 13:41:11', '2016-03-31 08:41:47'),
(107, 'user2', '2016-03-31 14:16:10', '2016-03-31 08:48:14'),
(108, 'user1', '2016-03-31 14:18:19', '2016-03-31 08:49:49'),
(109, 'user1', '2016-03-31 14:19:52', '2016-03-31 08:51:31'),
(110, 'user1', '2016-03-31 14:21:41', '2016-03-31 08:53:36'),
(111, 'user2', '2016-03-31 14:23:45', '2016-03-31 08:55:13'),
(112, 'user1', '2016-03-31 14:52:45', '2016-03-31 09:22:51'),
(113, 'user1', '2016-03-31 14:53:09', '2016-03-31 09:23:31'),
(114, 'user1', '2016-03-31 14:53:48', '2016-03-31 09:24:05'),
(115, 'user2', '2016-03-31 14:55:37', '2016-03-31 09:26:39'),
(116, 'user1', '2016-03-31 15:01:46', '2016-03-31 09:33:16'),
(117, 'user2', '2016-03-31 15:03:46', '2016-03-31 09:37:52'),
(118, 'user1', '2016-03-31 15:08:01', '2016-03-31 09:39:01'),
(119, 'user1', '2016-03-31 15:09:46', '2016-03-31 09:40:08'),
(120, 'user3', '2016-03-31 15:10:25', '2016-03-31 09:48:47'),
(121, 'user1', '2016-03-31 15:19:40', '2016-03-31 09:53:21'),
(122, 'user1', '2016-03-31 15:33:17', '2016-03-31 10:05:23'),
(123, 'user2', '2016-03-31 15:35:38', '2016-03-31 10:06:14'),
(124, 'user3', '2016-03-31 15:36:20', '2016-03-31 10:06:28'),
(125, 'user1', '2016-03-31 15:36:40', '2016-03-31 10:08:50'),
(126, 'user3', '2016-03-31 15:38:56', '2016-03-31 10:10:38'),
(127, 'user3', '2016-03-31 15:40:43', '2016-03-31 10:11:09'),
(128, 'user1', '2016-03-31 15:41:13', '2016-03-31 10:12:44'),
(129, 'user1', '2016-03-31 16:04:29', '2016-03-31 10:34:31'),
(130, 'user1', '2016-03-31 16:05:42', '2016-03-31 10:37:22'),
(131, 'user1', '2016-03-31 16:07:57', '2016-03-31 10:37:59'),
(132, 'user1', '2016-03-31 16:11:14', '2016-03-31 10:41:49'),
(133, 'user1', '2016-03-31 16:11:53', '2016-03-31 10:42:24'),
(134, 'user1', '2016-03-31 16:13:39', '2016-03-31 10:44:19'),
(135, 'user1', '2016-03-31 16:14:24', '2016-03-31 10:44:47'),
(136, 'user1', '2016-03-31 16:14:51', '2016-03-31 10:45:24'),
(137, 'user2', '2016-03-31 16:15:35', '2016-03-31 10:46:31'),
(138, 'user2', '2016-03-31 16:16:47', '2016-03-31 10:47:07'),
(139, 'user1', '2016-03-31 16:16:36', '2016-03-31 10:48:41'),
(140, 'user2', '2016-03-31 16:26:55', '2016-03-31 10:57:48'),
(141, 'user2', '2016-03-31 16:39:18', '2016-03-31 11:10:12'),
(142, 'user2', '2016-03-31 16:40:28', '2016-03-31 11:13:35'),
(143, 'user2', '2016-03-31 16:43:53', '2016-03-31 11:14:34'),
(144, 'user2', '2016-03-31 16:44:49', '2016-03-31 11:16:26'),
(145, 'user2', '2016-03-31 16:49:14', '2016-03-31 11:29:02'),
(146, 'user2', '2016-03-31 16:59:51', '2016-03-31 11:30:08'),
(147, 'user2', '2016-03-31 17:22:07', '2016-03-31 12:01:00'),
(148, 'user2', '2016-03-31 17:33:05', '2016-03-31 12:29:01'),
(149, 'user2', '2016-03-31 17:59:20', '2016-03-31 12:39:12'),
(150, 'user1', '2016-03-31 18:09:49', '2016-03-31 13:23:23'),
(151, 'user1', '2016-03-31 18:53:30', '2016-03-31 13:28:41'),
(152, 'user1', '2016-03-31 19:01:46', '2016-03-31 13:36:08'),
(153, 'user1', '2016-03-31 19:06:58', '2016-03-31 13:40:32'),
(154, 'user1', '2016-03-31 19:10:45', '2016-03-31 13:41:12'),
(155, 'user1', '2016-03-31 19:32:29', '2016-03-31 14:03:21'),
(156, 'user1', '2016-03-31 19:36:11', '2016-03-31 14:06:23'),
(157, 'user2', '2016-03-31 19:26:25', '2016-03-31 14:10:28'),
(158, 'user2', '2016-03-31 19:44:42', '2016-03-31 14:15:56'),
(159, 'user2', '2016-03-31 19:46:07', '2016-03-31 14:16:28'),
(160, 'user3', '2016-03-31 19:46:42', '2016-03-31 14:17:29'),
(161, 'user3', '2016-03-31 19:47:48', '2016-03-31 14:18:10'),
(162, 'user3', '2016-03-31 19:48:15', '2016-03-31 14:18:54'),
(163, 'user3', '2016-03-31 19:49:08', '2016-03-31 14:19:41'),
(164, 'user3', '2016-03-31 19:50:00', '2016-03-31 14:20:20'),
(165, 'user3', '2016-03-31 19:50:35', '2016-03-31 14:21:06'),
(166, 'user1', '2016-03-31 19:59:08', '2016-03-31 14:34:03'),
(167, 'user2', '2016-03-31 20:04:22', '2016-03-31 14:34:27'),
(168, 'user3', '2016-03-31 19:55:13', '2016-03-31 14:39:48'),
(169, 'user3', '2016-03-31 20:09:54', '2016-03-31 14:46:07'),
(170, 'user3', '2016-03-31 20:16:39', '2016-03-31 14:47:29'),
(171, 'user3', '2016-03-31 20:17:43', '2016-03-31 14:50:36'),
(172, 'user1', '2016-03-31 20:21:06', '2016-03-31 14:51:50'),
(173, 'user1', '2016-03-31 20:22:06', '2016-03-31 14:54:12'),
(174, 'user1', '2016-03-31 20:24:26', '2016-03-31 14:57:51'),
(175, 'user1', '2016-03-31 20:28:06', '2016-03-31 14:59:04'),
(176, 'user1', '2016-03-31 20:33:33', '2016-03-31 15:23:11'),
(177, 'user1', '2016-03-31 20:53:28', '2016-03-31 15:24:47'),
(178, 'user1', '2016-03-31 20:55:09', '2016-03-31 15:30:00'),
(179, 'user1', '2016-03-31 21:00:22', '2016-03-31 15:34:34'),
(180, 'user3', '2016-03-31 21:11:45', '2016-03-31 15:42:51'),
(181, 'user3', '2016-03-31 21:13:08', '2016-03-31 15:45:47'),
(182, 'user3', '2016-03-31 21:15:58', '2016-03-31 15:46:57'),
(183, 'user3', '2016-03-31 21:19:38', '2016-03-31 15:50:14'),
(184, 'user3', '2016-03-31 21:20:36', '2016-03-31 15:51:05'),
(185, 'user3', '2016-03-31 21:21:26', '2016-03-31 15:54:00'),
(186, 'user3', '2016-03-31 21:24:09', '2016-03-31 15:56:03'),
(187, 'user3', '2016-03-31 21:26:12', '2016-03-31 16:02:15'),
(188, 'user3', '2016-03-31 21:32:26', '2016-03-31 16:02:36'),
(189, 'user3', '2016-03-31 21:32:45', '2016-03-31 16:03:47'),
(190, 'user3', '2016-03-31 21:34:01', '2016-03-31 16:06:52'),
(191, 'user3', '2016-03-31 21:37:11', '2016-03-31 16:07:47'),
(192, 'user3', '2016-03-31 21:38:02', '2016-03-31 16:09:39'),
(193, 'user3', '2016-03-31 21:39:47', '2016-03-31 16:10:29'),
(194, 'user3', '2016-03-31 21:40:47', '2016-03-31 16:16:30'),
(195, 'user3', '2016-03-31 21:46:47', '2016-03-31 16:18:48'),
(196, 'user3', '2016-03-31 21:49:06', '2016-03-31 16:20:32'),
(197, 'user3', '2016-03-31 21:50:50', '2016-03-31 16:21:49'),
(198, 'user3', '2016-03-31 21:52:05', '2016-03-31 16:26:23'),
(199, 'user3', '2016-03-31 21:56:32', '2016-03-31 16:27:45'),
(200, 'user3', '2016-03-31 21:57:53', '2016-03-31 16:28:22'),
(201, 'user3', '2016-03-31 21:58:44', '2016-03-31 16:30:08'),
(202, 'user3', '2016-03-31 22:00:22', '2016-03-31 16:31:32'),
(203, 'user3', '2016-03-31 22:01:41', '2016-03-31 16:33:25'),
(204, 'user1', '2016-03-31 22:09:51', '2016-03-31 16:48:38'),
(205, 'user3', '2016-03-31 22:03:39', '2016-03-31 17:58:56'),
(206, 'user1', '2016-03-31 23:33:25', '2016-03-31 19:28:04'),
(207, 'user1', '2016-04-01 01:27:43', '2016-03-31 19:59:20'),
(208, 'user1', '2016-04-01 01:36:47', '2016-03-31 20:12:35'),
(209, 'user1', '2016-04-01 01:43:01', '2016-03-31 20:14:33'),
(210, 'user1', '2016-04-01 01:45:34', '2016-03-31 20:22:32'),
(211, 'user2', '2016-04-01 01:54:02', '2016-03-31 20:29:18'),
(212, 'user1', '2016-04-01 01:59:25', '2016-03-31 20:32:15'),
(213, 'user3', '2016-04-01 02:03:34', '2016-03-31 20:36:33'),
(214, 'user2', '2016-04-01 02:06:56', '2016-03-31 20:40:09'),
(215, 'user1', '2016-04-01 02:10:20', '2016-03-31 20:48:20'),
(216, 'user2', '2016-04-01 02:44:45', '2016-03-31 21:15:27'),
(217, 'user1', '2016-04-01 03:12:03', '2016-03-31 22:06:50'),
(218, 'user1', '2016-04-01 03:37:02', '2016-03-31 22:07:26'),
(219, 'user1', '2016-04-01 03:38:06', '2016-03-31 22:13:25'),
(220, 'user1', '2016-04-01 03:51:23', '2016-03-31 22:23:02'),
(221, 'user1', '2016-04-01 03:56:36', '2016-03-31 22:30:27'),
(222, 'user1', '2016-04-01 04:12:13', '2016-03-31 22:43:52'),
(223, 'user1', '2016-04-01 04:14:06', '2016-03-31 23:06:39'),
(224, 'user1', '2016-04-01 04:55:32', '2016-03-31 23:26:21'),
(225, 'user1', '2016-04-01 05:01:30', '2016-04-01 00:56:10'),
(226, 'user2', '2016-04-01 06:26:24', '2016-04-01 01:16:00'),
(227, 'user4', '2016-04-01 06:46:15', '2016-04-01 01:18:24'),
(228, 'user1', '2016-04-01 08:11:48', '2016-04-01 02:42:41'),
(229, 'user2', '2016-04-01 08:12:48', '2016-04-01 02:43:00'),
(230, 'user3', '2016-04-01 08:13:31', '2016-04-01 02:43:57'),
(231, 'user4', '2016-04-01 08:14:10', '2016-04-01 02:49:37'),
(232, 'user1', '2016-04-01 08:19:45', '2016-04-01 02:51:03'),
(233, 'user2', '2016-04-01 08:21:21', '2016-04-01 02:53:55'),
(234, 'user4', '2016-04-01 08:24:09', '2016-04-01 02:59:10'),
(235, 'user4', '2016-04-01 08:29:33', '2016-04-01 03:07:23'),
(236, 'user3', '2016-04-01 08:37:40', '2016-04-01 03:07:49'),
(237, 'user1', '2016-04-01 08:38:29', '2016-04-01 03:35:39'),
(238, 'user1', '2016-04-01 09:05:59', '2016-04-01 03:39:00'),
(239, 'user2', '2016-04-01 11:14:15', '2016-04-01 05:45:12'),
(240, 'user2', '2016-04-01 11:18:51', '2016-04-01 05:55:52'),
(241, 'user2', '2016-04-01 11:29:17', '2016-04-01 06:00:38'),
(242, 'user2', '2016-04-01 11:30:46', '2016-04-01 06:02:06'),
(243, 'user2', '2016-04-01 11:32:23', '2016-04-01 06:02:43'),
(244, 'user2', '2016-04-01 11:33:14', '2016-04-01 06:08:10'),
(245, 'user2', '2016-04-01 11:38:17', '2016-04-01 06:10:23'),
(246, 'user2', '2016-04-01 11:49:41', '2016-04-01 06:25:44'),
(247, 'user2', '2016-04-01 11:55:49', '2016-04-01 06:29:23'),
(248, 'user2', '2016-04-01 11:59:27', '2016-04-01 06:34:47'),
(249, 'user2', '2016-04-01 12:06:17', '2016-04-01 06:40:31'),
(250, 'user1', '2016-04-01 10:25:59', '2016-04-01 06:43:20'),
(251, 'user2', '2016-04-01 12:16:14', '2016-04-01 06:46:39'),
(252, 'user5', '2016-04-01 12:52:06', '2016-04-01 07:26:38'),
(253, 'user5', '2016-04-01 12:56:41', '2016-04-01 07:29:39'),
(254, 'user5', '2016-04-01 12:59:44', '2016-04-01 07:31:34'),
(255, 'user5', '2016-04-01 13:06:11', '2016-04-01 07:39:01'),
(256, 'user5', '2016-04-01 13:09:05', '2016-04-01 07:39:55'),
(257, 'user5', '2016-04-01 13:10:01', '2016-04-01 07:41:54'),
(258, 'user5', '2016-04-01 13:12:22', '2016-04-01 07:45:14'),
(259, 'user5', '2016-04-01 13:15:17', '2016-04-01 07:47:16'),
(260, 'user5', '2016-04-01 13:17:19', '2016-04-01 07:48:02'),
(261, 'user5', '2016-04-01 13:18:29', '2016-04-01 07:50:22'),
(262, 'user5', '2016-04-01 13:20:26', '2016-04-01 07:52:06'),
(263, 'user5', '2016-04-01 14:50:32', '2016-04-01 09:21:54'),
(264, 'user5', '2016-04-01 14:52:32', '2016-04-01 09:24:31'),
(265, 'user5', '2016-04-01 14:54:34', '2016-04-01 09:25:47'),
(266, 'user5', '2016-04-01 14:55:50', '2016-04-01 09:26:37'),
(267, 'user5', '2016-04-01 14:56:40', '2016-04-01 09:29:55'),
(268, 'user5', '2016-04-01 15:00:18', '2016-04-01 09:32:19'),
(269, 'user5', '2016-04-01 15:02:23', '2016-04-01 09:32:37'),
(270, 'user5', '2016-04-01 15:02:58', '2016-04-01 09:33:55'),
(271, 'user5', '2016-04-01 15:03:57', '2016-04-01 09:35:13'),
(272, 'user5', '2016-04-01 15:05:15', '2016-04-01 09:36:14'),
(273, 'user5', '2016-04-01 15:06:20', '2016-04-01 09:38:15'),
(274, 'user5', '2016-04-01 15:08:18', '2016-04-01 09:40:12'),
(275, 'user5', '2016-04-01 15:11:09', '2016-04-01 09:45:12'),
(276, 'user5', '2016-04-01 15:15:40', '2016-04-01 09:49:30'),
(277, 'user5', '2016-04-01 15:19:34', '2016-04-01 09:52:59'),
(278, 'user5', '2016-04-01 15:23:02', '2016-04-01 09:53:53'),
(279, 'user5', '2016-04-01 15:23:57', '2016-04-01 09:56:51'),
(280, 'user5', '2016-04-01 15:27:31', '2016-04-01 10:02:37'),
(281, 'user5', '2016-04-01 15:32:40', '2016-04-01 10:06:11'),
(282, 'user5', '2016-04-01 15:36:15', '2016-04-01 10:07:08'),
(283, 'user5', '2016-04-01 15:49:48', '2016-04-01 10:25:42'),
(284, 'user5', '2016-04-01 15:55:45', '2016-04-01 10:27:53'),
(285, 'user5', '2016-04-01 15:57:56', '2016-04-01 10:28:06'),
(286, 'user5', '2016-04-01 16:22:08', '2016-04-01 10:52:42'),
(287, 'user5', '2016-04-01 16:22:54', '2016-04-01 10:53:29'),
(288, 'user1', '2016-04-01 16:23:37', '2016-04-01 10:54:09'),
(289, 'user5', '2016-04-01 16:29:09', '2016-04-01 11:00:12'),
(290, 'user5', '2016-04-01 16:30:17', '2016-04-01 11:03:10'),
(291, 'user5', '2016-04-01 16:33:13', '2016-04-01 11:03:28'),
(292, 'user1', '2016-04-01 16:35:17', '2016-04-01 11:12:01'),
(293, 'user1', '2016-04-01 16:42:09', '2016-04-01 11:14:54'),
(294, 'user2', '2016-04-01 16:45:33', '2016-04-01 11:15:45'),
(295, 'user5', '2016-04-01 16:46:02', '2016-04-01 11:29:43'),
(296, 'user5', '2016-04-01 16:59:54', '2016-04-01 11:34:27'),
(297, 'user1', '2016-04-01 17:05:34', '2016-04-01 11:38:00'),
(298, 'user1', '2016-04-01 17:08:07', '2016-04-01 11:38:19'),
(299, 'user5', '2016-04-01 17:08:23', '2016-04-01 11:46:10'),
(300, 'user5', '2016-04-01 17:29:45', '2016-04-01 12:02:21'),
(301, 'user1', '2016-04-01 17:32:50', '2016-04-01 12:02:56'),
(302, 'user5', '2016-04-01 17:34:00', '2016-04-01 12:05:19'),
(303, 'user1', '2016-04-02 05:43:00', '2016-04-02 00:13:16'),
(304, 'user5', '2016-04-02 05:43:51', '2016-04-02 00:18:40'),
(305, 'user5', '2016-04-02 05:52:54', '2016-04-02 00:24:18'),
(306, 'user5', '2016-04-02 10:31:21', '2016-04-02 05:08:14'),
(307, 'user5', '2016-04-02 10:39:53', '2016-04-02 05:11:15'),
(308, 'user5', '2016-04-02 10:41:50', '2016-04-02 05:16:03'),
(309, 'user5', '2016-04-02 10:46:07', '2016-04-02 05:16:32'),
(310, 'user5', '2016-04-02 10:46:45', '2016-04-02 05:18:18'),
(311, 'user5', '2016-04-02 10:48:25', '2016-04-02 05:18:37'),
(312, 'user5', '2016-04-02 10:49:02', '2016-04-02 05:20:37'),
(313, 'user5', '2016-04-02 10:50:40', '2016-04-02 05:21:05'),
(314, 'user5', '2016-04-02 10:51:32', '2016-04-02 05:22:29'),
(315, 'user5', '2016-04-02 10:53:03', '2016-04-02 05:27:57'),
(316, 'user5', '2016-04-02 10:58:02', '2016-04-02 05:30:13'),
(317, 'user5', '2016-04-02 11:00:16', '2016-04-02 05:30:21'),
(318, 'user5', '2016-04-02 11:00:25', '2016-04-02 05:30:35'),
(319, 'user5', '2016-04-02 11:00:58', '2016-04-02 05:32:28'),
(320, 'user5', '2016-04-02 11:02:31', '2016-04-02 05:34:46'),
(321, 'user5', '2016-04-02 11:04:50', '2016-04-02 05:36:25'),
(322, 'user5', '2016-04-02 11:06:42', '2016-04-02 05:40:06'),
(323, 'user5', '2016-04-02 11:10:09', '2016-04-02 05:40:53'),
(324, 'user5', '2016-04-02 11:10:56', '2016-04-02 05:41:16'),
(325, 'user5', '2016-04-02 11:11:20', '2016-04-02 05:42:10'),
(326, 'user5', '2016-04-02 11:12:15', '2016-04-02 05:43:14'),
(327, 'user5', '2016-04-02 11:13:17', '2016-04-02 05:46:11'),
(328, 'user5', '2016-04-02 11:16:14', '2016-04-02 05:48:07'),
(329, 'user5', '2016-04-02 11:18:11', '2016-04-02 05:49:46'),
(330, 'user5', '2016-04-02 11:19:49', '2016-04-02 05:50:55'),
(331, 'user5', '2016-04-02 11:20:58', '2016-04-02 05:53:31'),
(332, 'user5', '2016-04-02 11:23:35', '2016-04-02 05:56:39'),
(333, 'user5', '2016-04-02 11:26:43', '2016-04-02 05:58:22'),
(334, 'user5', '2016-04-02 11:28:25', '2016-04-02 06:00:01'),
(335, 'user5', '2016-04-02 11:30:05', '2016-04-02 06:00:55'),
(336, 'user5', '2016-04-02 11:30:58', '2016-04-02 06:02:23'),
(337, 'user5', '2016-04-02 11:32:26', '2016-04-02 06:02:45'),
(338, 'user5', '2016-04-02 11:33:05', '2016-04-02 06:05:13'),
(339, 'user5', '2016-04-02 11:35:22', '2016-04-02 06:06:53'),
(340, 'user5', '2016-04-02 11:36:56', '2016-04-02 06:07:27'),
(341, 'user5', '2016-04-02 11:41:36', '2016-04-02 06:18:36'),
(342, 'user5', '2016-04-02 11:48:40', '2016-04-02 06:18:47'),
(343, 'user5', '2016-04-02 11:50:14', '2016-04-02 06:21:26'),
(344, 'user5', '2016-04-02 11:51:29', '2016-04-02 06:22:35'),
(345, 'user5', '2016-04-02 11:52:38', '2016-04-02 06:23:12'),
(346, 'user5', '2016-04-02 11:53:15', '2016-04-02 06:23:53'),
(347, 'user5', '2016-04-02 11:53:56', '2016-04-02 06:24:03'),
(348, 'user5', '2016-04-02 11:54:59', '2016-04-02 06:25:12'),
(349, 'user5', '2016-04-02 11:55:19', '2016-04-02 06:26:38'),
(350, 'user5', '2016-04-02 11:56:41', '2016-04-02 06:28:09'),
(351, 'user5', '2016-04-02 11:58:11', '2016-04-02 06:28:40'),
(352, 'user5', '2016-04-02 11:59:26', '2016-04-02 06:34:52'),
(353, 'user5', '2016-04-02 12:04:56', '2016-04-02 06:35:27'),
(354, 'user5', '2016-04-02 12:05:54', '2016-04-02 06:44:51'),
(355, 'user5', '2016-04-02 12:14:54', '2016-04-02 06:46:39'),
(356, 'user5', '2016-04-02 12:16:43', '2016-04-02 06:47:56'),
(357, 'user5', '2016-04-02 12:17:59', '2016-04-02 06:49:06'),
(358, 'user5', '2016-04-02 12:19:09', '2016-04-02 06:50:03'),
(359, 'user5', '2016-04-02 12:20:06', '2016-04-02 06:51:25'),
(360, 'user5', '2016-04-02 12:21:28', '2016-04-02 06:51:57'),
(361, 'user5', '2016-04-02 12:22:41', '2016-04-02 06:56:46'),
(362, 'user5', '2016-04-02 12:26:49', '2016-04-02 07:00:01'),
(363, 'user5', '2016-04-02 12:30:04', '2016-04-02 07:02:12'),
(364, 'user5', '2016-04-02 12:32:16', '2016-04-02 07:13:27'),
(365, 'user5', '2016-04-02 12:43:31', '2016-04-02 07:14:42'),
(366, 'user5', '2016-04-02 12:44:45', '2016-04-02 07:15:26'),
(367, 'user5', '2016-04-02 12:45:29', '2016-04-02 11:10:59'),
(368, 'user5', '2016-04-02 16:41:05', '2016-04-02 11:11:46'),
(369, 'user5', '2016-04-02 16:41:51', '2016-04-02 11:18:07'),
(370, 'user5', '2016-04-02 16:48:10', '2016-04-02 11:18:24'),
(371, 'user5', '2016-04-02 16:48:28', '2016-04-02 11:18:30'),
(372, 'user5', '2016-04-02 16:48:40', '2016-04-02 11:19:03'),
(373, 'user5', '2016-04-02 16:49:26', '2016-04-02 11:20:50'),
(374, 'user5', '2016-04-02 16:50:53', '2016-04-02 11:23:20'),
(375, 'user5', '2016-04-02 16:53:25', '2016-04-02 11:23:31'),
(376, 'user5', '2016-04-02 16:53:34', '2016-04-02 11:25:35'),
(377, 'user5', '2016-04-02 16:55:38', '2016-04-02 11:25:41'),
(378, 'user5', '2016-04-02 16:57:18', '2016-04-02 11:27:23'),
(379, 'user5', '2016-04-02 16:57:47', '2016-04-02 11:29:41'),
(380, 'user5', '2016-04-02 16:59:44', '2016-04-02 11:30:47'),
(381, 'user5', '2016-04-02 17:00:51', '2016-04-02 11:33:37'),
(382, 'user5', '2016-04-02 17:03:42', '2016-04-02 11:34:39'),
(383, 'user5', '2016-04-02 17:04:43', '2016-04-02 11:36:48'),
(384, 'user5', '2016-04-02 17:06:53', '2016-04-02 11:47:26'),
(385, 'user5', '2016-04-02 17:17:30', '2016-04-02 11:48:03'),
(386, 'user5', '2016-04-02 17:18:07', '2016-04-02 11:51:37'),
(387, 'user5', '2016-04-02 17:21:39', '2016-04-02 11:52:06'),
(388, 'user5', '2016-04-02 17:22:08', '2016-04-02 11:52:52'),
(389, 'user5', '2016-04-02 17:22:54', '2016-04-02 11:53:33'),
(390, 'user5', '2016-04-02 17:23:35', '2016-04-02 11:56:01'),
(391, 'user5', '2016-04-02 17:26:06', '2016-04-02 11:56:34'),
(392, 'user5', '2016-04-02 17:26:37', '2016-04-02 11:57:57'),
(393, 'user5', '2016-04-02 17:28:00', '2016-04-02 11:58:25'),
(394, 'user5', '2016-04-02 17:28:28', '2016-04-02 12:00:33'),
(395, 'user5', '2016-04-02 17:30:36', '2016-04-02 12:02:32'),
(396, 'user5', '2016-04-02 17:32:35', '2016-04-02 12:03:02'),
(397, 'user5', '2016-04-02 17:33:05', '2016-04-02 12:03:20'),
(398, 'user5', '2016-04-02 17:33:40', '2016-04-02 12:05:25'),
(399, 'user5', '2016-04-02 17:35:32', '2016-04-02 12:06:29'),
(400, 'user5', '2016-04-02 17:36:40', '2016-04-02 12:08:47'),
(401, 'user5', '2016-04-02 17:38:57', '2016-04-02 12:09:36'),
(402, 'user5', '2016-04-02 17:39:42', '2016-04-02 12:10:01'),
(403, 'user5', '2016-04-02 17:40:12', '2016-04-02 12:12:58'),
(404, 'user5', '2016-04-02 17:43:04', '2016-04-02 12:13:57'),
(405, 'user5', '2016-04-02 17:44:04', '2016-04-02 12:14:39'),
(406, 'user5', '2016-04-02 17:44:45', '2016-04-02 12:15:09'),
(407, 'user5', '2016-04-02 17:45:15', '2016-04-02 12:16:07'),
(408, 'user5', '2016-04-02 17:46:13', '2016-04-02 12:17:05'),
(409, 'user5', '2016-04-02 17:47:10', '2016-04-02 12:31:39'),
(410, 'user5', '2016-04-02 18:01:45', '2016-04-02 12:32:42'),
(411, 'user5', '2016-04-02 18:02:50', '2016-04-02 12:36:15'),
(412, 'user5', '2016-04-02 18:06:20', '2016-04-02 12:39:53'),
(413, 'user5', '2016-04-02 18:09:58', '2016-04-02 12:41:11'),
(414, 'user5', '2016-04-02 18:11:16', '2016-04-02 12:42:08'),
(415, 'user5', '2016-04-02 18:12:13', '2016-04-02 12:42:53'),
(416, 'user5', '2016-04-02 18:12:59', '2016-04-02 12:43:58'),
(417, 'user5', '2016-04-02 18:14:31', '2016-04-02 12:45:47'),
(418, 'user5', '2016-04-02 18:15:52', '2016-04-02 12:46:27'),
(419, 'user5', '2016-04-02 18:16:33', '2016-04-02 12:57:23'),
(420, 'user5', '2016-04-02 18:27:28', '2016-04-02 12:59:47'),
(421, 'user5', '2016-04-02 18:29:53', '2016-04-02 13:04:27'),
(422, 'user5', '2016-04-02 18:34:35', '2016-04-02 13:05:46'),
(423, 'user5', '2016-04-02 18:37:07', '2016-04-02 13:08:00'),
(424, 'user5', '2016-04-02 18:38:05', '2016-04-02 13:10:19'),
(425, 'user5', '2016-04-02 18:40:22', '2016-04-02 13:11:00'),
(426, 'user5', '2016-04-02 18:41:02', '2016-04-02 13:12:30'),
(427, 'user5', '2016-04-02 18:42:32', '2016-04-02 13:13:26'),
(428, 'user5', '2016-04-02 18:43:29', '2016-04-02 13:13:44'),
(429, 'user5', '2016-04-02 18:43:46', '2016-04-02 13:14:09'),
(430, 'user5', '2016-04-02 18:44:12', '2016-04-02 13:16:11'),
(431, 'user5', '2016-04-02 18:46:13', '2016-04-02 13:16:42'),
(432, 'user5', '2016-04-02 18:46:44', '2016-04-02 13:17:02'),
(433, 'user5', '2016-04-02 18:47:04', '2016-04-02 13:18:11'),
(434, 'user5', '2016-04-02 18:48:14', '2016-04-02 13:20:59'),
(435, 'user5', '2016-04-02 18:51:16', '2016-04-02 13:22:01'),
(436, 'user5', '2016-04-02 18:52:04', '2016-04-02 13:23:06'),
(437, 'user5', '2016-04-02 18:53:08', '2016-04-02 13:23:52'),
(438, 'user5', '2016-04-02 18:53:57', '2016-04-02 13:24:24'),
(439, 'user5', '2016-04-02 18:54:27', '2016-04-02 13:24:57'),
(440, 'user5', '2016-04-02 18:55:00', '2016-04-02 13:26:34'),
(441, 'user5', '2016-04-02 18:56:36', '2016-04-02 13:27:59'),
(442, 'user5', '2016-04-02 18:58:02', '2016-04-02 13:29:12'),
(443, 'user5', '2016-04-02 18:59:14', '2016-04-02 13:30:33'),
(444, 'user5', '2016-04-02 19:00:36', '2016-04-02 13:35:08'),
(445, 'user5', '2016-04-02 19:05:12', '2016-04-02 13:36:13'),
(446, 'user5', '2016-04-02 19:06:16', '2016-04-02 13:37:02'),
(447, 'user5', '2016-04-02 19:07:05', '2016-04-02 13:37:27'),
(448, 'user5', '2016-04-02 19:07:29', '2016-04-02 13:38:12'),
(449, 'user5', '2016-04-02 19:08:14', '2016-04-02 13:41:35'),
(450, 'user5', '2016-04-02 19:11:38', '2016-04-02 13:42:39'),
(451, 'user5', '2016-04-02 19:12:41', '2016-04-02 13:43:00'),
(452, 'user5', '2016-04-02 19:13:02', '2016-04-02 13:44:48'),
(453, 'user5', '2016-04-02 19:14:50', '2016-04-02 13:45:13'),
(454, 'user5', '2016-04-02 19:15:16', '2016-04-02 13:47:28'),
(455, 'user5', '2016-04-02 19:17:31', '2016-04-02 13:48:17'),
(456, 'user5', '2016-04-02 19:18:19', '2016-04-02 13:49:04'),
(457, 'user5', '2016-04-02 19:19:07', '2016-04-02 13:50:06'),
(458, 'user5', '2016-04-02 19:20:08', '2016-04-02 13:54:20'),
(459, 'user5', '2016-04-02 19:24:23', '2016-04-02 13:59:25'),
(460, 'user5', '2016-04-02 19:29:28', '2016-04-02 14:14:04'),
(461, 'user5', '2016-04-02 19:44:07', '2016-04-02 14:14:32'),
(462, 'user5', '2016-04-02 19:44:34', '2016-04-02 14:15:13'),
(463, 'user5', '2016-04-02 19:45:37', '2016-04-02 14:18:51'),
(464, 'user5', '2016-04-03 01:19:28', '2016-04-02 20:39:19'),
(465, 'user5', '2016-04-04 00:50:26', '2016-04-03 19:33:09'),
(466, 'user1', '2016-04-04 01:06:07', '2016-04-03 19:36:52'),
(467, 'user5', '2016-04-04 01:09:36', '2016-04-03 19:40:17'),
(468, 'user5', '2016-04-04 01:10:28', '2016-04-03 20:40:03'),
(469, 'user5', '2016-04-04 02:10:18', '2016-04-03 22:27:25'),
(470, 'user5', '2016-04-04 03:57:36', '2016-04-03 22:33:20'),
(471, 'user5', '2016-04-04 04:03:46', '2016-04-03 22:38:02'),
(472, 'user5', '2016-04-04 04:08:51', '2016-04-03 22:41:37'),
(473, 'user5', '2016-04-04 04:14:12', '2016-04-03 22:45:10'),
(474, 'user5', '2016-04-04 04:15:58', '2016-04-03 22:48:03'),
(475, 'user5', '2016-04-04 04:18:14', '2016-04-03 22:50:41'),
(476, 'user5', '2016-04-04 04:20:51', '2016-04-03 22:52:21'),
(477, 'user5', '2016-04-04 04:22:32', '2016-04-03 22:54:40'),
(478, 'user5', '2016-04-04 04:24:53', '2016-04-03 22:57:01'),
(479, 'user5', '2016-04-04 04:27:27', '2016-04-03 23:02:07'),
(480, 'user5', '2016-04-04 04:32:19', '2016-04-03 23:22:22'),
(481, 'user5', '2016-04-04 04:52:40', '2016-04-03 23:24:24'),
(482, 'user5', '2016-04-04 04:54:35', '2016-04-03 23:44:48'),
(483, 'user5', '2016-04-04 05:15:22', '2016-04-03 23:46:37'),
(484, 'user5', '2016-04-04 05:16:49', '2016-04-03 23:48:39'),
(485, 'user5', '2016-04-04 05:28:35', '2016-04-04 00:00:29'),
(486, 'user5', '2016-04-04 05:30:40', '2016-04-04 00:19:40'),
(487, 'user5', '2016-04-04 05:49:53', '2016-04-04 00:39:27'),
(488, 'user5', '2016-04-04 06:09:37', '2016-04-04 00:55:28'),
(489, 'user5', '2016-04-04 06:25:42', '2016-04-04 01:35:01'),
(490, 'user5', '2016-04-04 07:05:10', '2016-04-04 01:37:13'),
(491, 'user5', '2016-04-04 09:56:08', '2016-04-04 04:27:42'),
(492, 'user5', '2016-04-04 09:58:36', '2016-04-04 04:31:32'),
(493, 'user5', '2016-04-04 10:01:58', '2016-04-04 04:32:01'),
(494, 'user5', '2016-04-04 10:02:38', '2016-04-04 04:33:00'),
(495, 'user5', '2016-04-04 10:03:09', '2016-04-04 04:50:05'),
(496, 'user5', '2016-04-04 10:20:09', '2016-04-04 04:55:24'),
(497, 'user5', '2016-04-04 10:25:38', '2016-04-04 04:57:12'),
(498, 'user5', '2016-04-04 10:27:52', '2016-04-04 04:58:48'),
(499, 'user5', '2016-04-04 10:29:16', '2016-04-04 05:09:01'),
(500, 'user5', '2016-04-04 10:39:52', '2016-04-04 05:10:33'),
(501, 'user5', '2016-04-04 10:40:44', '2016-04-04 05:14:01'),
(502, 'user5', '2016-04-04 10:44:03', '2016-04-04 05:15:50'),
(503, 'user5', '2016-04-04 10:46:10', '2016-04-04 05:17:24'),
(504, 'user5', '2016-04-04 10:47:37', '2016-04-04 05:18:45'),
(505, 'user5', '2016-04-04 10:49:00', '2016-04-04 05:23:11'),
(506, 'user5', '2016-04-04 10:53:44', '2016-04-04 05:27:01'),
(507, 'user5', '2016-04-04 10:57:04', '2016-04-04 05:28:54'),
(508, 'user5', '2016-04-04 10:58:56', '2016-04-04 05:29:07'),
(509, 'user5', '2016-04-04 10:59:44', '2016-04-04 05:31:08'),
(510, 'user5', '2016-04-04 11:01:12', '2016-04-04 05:32:58'),
(511, 'user5', '2016-04-04 11:03:01', '2016-04-04 05:35:32'),
(512, 'user5', '2016-04-04 11:06:04', '2016-04-04 05:43:39'),
(513, 'user5', '2016-04-04 11:13:46', '2016-04-04 05:46:35'),
(514, 'user5', '2016-04-04 11:16:48', '2016-04-04 05:49:53'),
(515, 'user5', '2016-04-04 11:20:08', '2016-04-04 05:52:46'),
(516, 'user5', '2016-04-04 11:25:05', '2016-04-04 05:56:24'),
(517, 'user5', '2016-04-04 11:30:00', '2016-04-04 06:01:34'),
(518, 'user5', '2016-04-04 11:31:37', '2016-04-04 06:02:53'),
(519, 'user5', '2016-04-04 11:32:56', '2016-04-04 06:03:25'),
(520, 'user5', '2016-04-04 11:33:27', '2016-04-04 06:04:03'),
(521, 'user5', '2016-04-04 11:34:07', '2016-04-04 06:08:00'),
(522, 'user5', '2016-04-04 11:44:25', '2016-04-04 06:15:12'),
(523, 'user5', '2016-04-04 11:45:15', '2016-04-04 06:15:39'),
(524, 'user5', '2016-04-04 11:45:42', '2016-04-04 06:16:50'),
(525, 'user5', '2016-04-04 11:46:52', '2016-04-04 06:17:34'),
(526, 'user5', '2016-04-04 11:47:37', '2016-04-04 06:22:26'),
(527, 'user5', '2016-04-04 11:52:29', '2016-04-04 06:22:41'),
(528, 'user5', '2016-04-04 11:53:04', '2016-04-04 06:25:10'),
(529, 'user5', '2016-04-04 11:55:13', '2016-04-04 06:27:44'),
(530, 'user5', '2016-04-04 11:58:32', '2016-04-04 06:40:48'),
(531, 'user1', '2016-04-04 12:10:54', '2016-04-04 06:43:06'),
(532, 'user5', '2016-04-04 12:13:09', '2016-04-04 07:43:32'),
(533, 'user1', '2016-04-04 14:45:22', '2016-04-04 09:16:08'),
(534, 'user1', '2016-04-04 14:59:20', '2016-04-04 09:30:31'),
(535, 'user5', '2016-04-04 15:00:38', '2016-04-04 09:32:33'),
(536, 'user1', '2016-04-04 15:15:52', '2016-04-04 09:46:38'),
(537, 'user1', '2016-04-04 15:18:25', '2016-04-04 10:05:12'),
(538, 'user5', '2016-04-04 15:38:35', '2016-04-04 10:08:41'),
(539, 'user1', '2016-04-04 15:38:47', '2016-04-04 10:08:52'),
(540, 'user2', '2016-04-04 15:35:24', '2016-04-04 10:13:24'),
(541, 'user2', '2016-04-04 15:44:38', '2016-04-04 10:15:24'),
(542, 'user2', '2016-04-04 15:46:38', '2016-04-04 10:20:31'),
(543, 'user3', '2016-04-04 15:50:43', '2016-04-04 10:23:19'),
(544, 'user4', '2016-04-04 15:53:28', '2016-04-04 10:26:17'),
(545, 'user5', '2016-04-04 15:56:28', '2016-04-04 10:28:18'),
(546, 'user4', '2016-04-04 15:58:24', '2016-04-04 10:29:36'),
(547, 'user1', '2016-04-04 16:40:34', '2016-04-04 11:12:34'),
(548, 'user5', '2016-04-04 18:02:00', '2016-04-04 12:32:03'),
(549, 'user6', '2016-04-04 18:30:37', '2016-04-04 13:00:46'),
(550, 'user6', '2016-04-04 18:31:21', '2016-04-04 13:08:06'),
(551, 'user6', '2016-04-04 18:46:10', '2016-04-04 13:16:14'),
(552, 'user6', '2016-04-04 18:54:24', '2016-04-04 13:24:26'),
(553, 'user6', '2016-04-04 18:57:52', '2016-04-04 13:27:53'),
(554, 'user6', '2016-04-04 19:00:58', '2016-04-04 13:31:00'),
(555, 'user6', '2016-04-04 19:01:40', '2016-04-04 13:31:41'),
(556, 'user6', '2016-04-04 19:02:29', '2016-04-04 13:32:30'),
(557, 'user6', '2016-04-04 19:05:11', '2016-04-04 13:35:12'),
(558, 'user6', '2016-04-04 19:12:31', '2016-04-04 13:42:34'),
(559, 'user6', '2016-04-04 19:12:41', '2016-04-04 13:42:44'),
(560, 'user6', '2016-04-04 19:13:34', '2016-04-04 13:43:39'),
(561, 'user6', '2016-04-04 19:17:23', '2016-04-04 13:50:37'),
(562, 'user6', '2016-04-04 19:20:45', '2016-04-04 13:51:57'),
(563, 'user6', '2016-04-04 19:30:46', '2016-04-04 14:00:57'),
(564, 'user6', '2016-04-04 19:32:22', '2016-04-04 14:04:06'),
(565, 'user6', '2016-04-04 19:35:16', '2016-04-04 14:08:16'),
(566, 'user6', '2016-04-04 19:39:33', '2016-04-04 14:14:43'),
(567, 'user6', '2016-04-04 19:50:03', '2016-04-04 14:20:57'),
(568, 'user6', '2016-04-04 19:56:16', '2016-04-04 14:26:20'),
(569, 'user6', '2016-04-04 19:57:23', '2016-04-04 14:27:25'),
(570, 'user6', '2016-04-04 19:58:15', '2016-04-04 14:28:52'),
(571, 'user6', '2016-04-04 19:58:59', '2016-04-04 14:29:00'),
(572, 'user6', '2016-04-04 20:05:26', '2016-04-04 14:35:28'),
(573, 'user6', '2016-04-04 20:19:17', '2016-04-04 14:49:34'),
(574, 'user6', '2016-04-04 20:23:18', '2016-04-04 14:55:04'),
(575, 'user6', '2016-04-04 21:21:39', '2016-04-04 15:52:18'),
(576, 'user4', '2016-04-05 00:01:31', '2016-04-04 18:38:11'),
(577, 'user5', '2016-04-05 10:17:02', '2016-04-05 04:47:09'),
(578, 'user5', '2016-04-05 10:24:37', '2016-04-05 05:03:26'),
(579, 'user4', '2016-04-05 10:42:47', '2016-04-05 05:13:04'),
(580, 'user4', '2016-04-05 10:44:15', '2016-04-05 05:14:51'),
(581, 'user5', '2016-04-05 10:38:58', '2016-04-05 05:17:47'),
(582, 'user5', '2016-04-05 10:47:53', '2016-04-05 05:18:09'),
(583, 'user5', '2016-04-05 10:48:13', '2016-04-05 05:18:52'),
(584, 'user5', '2016-04-05 10:49:13', '2016-04-05 05:25:16'),
(585, 'user5', '2016-04-05 10:55:24', '2016-04-05 05:25:28'),
(586, 'user5', '2016-04-05 10:56:09', '2016-04-05 05:28:24'),
(587, 'user5', '2016-04-05 11:01:10', '2016-04-05 05:32:56'),
(588, 'user5', '2016-04-05 11:03:02', '2016-04-05 05:34:05'),
(589, 'user5', '2016-04-05 11:04:12', '2016-04-05 05:48:05'),
(590, 'user5', '2016-04-05 11:18:29', '2016-04-05 05:48:33'),
(591, 'user1', '2016-04-05 11:18:37', '2016-04-05 05:49:46'),
(592, 'user1', '2016-04-05 11:19:59', '2016-04-05 05:53:28'),
(593, 'user1', '2016-04-05 11:23:45', '2016-04-05 05:55:19'),
(594, 'user1', '2016-04-05 11:25:41', '2016-04-05 05:56:33'),
(595, 'user1', '2016-04-05 11:26:48', '2016-04-05 05:59:07'),
(596, 'user6', '2016-04-05 11:40:58', '2016-04-05 06:11:14'),
(597, 'user5', '2016-04-05 12:03:56', '2016-04-05 06:34:03'),
(598, 'user1', '2016-04-05 12:03:53', '2016-04-05 06:35:54'),
(599, 'user1', '2016-04-05 12:06:26', '2016-04-05 07:11:28'),
(600, 'user1', '2016-04-05 12:42:00', '2016-04-05 07:19:34'),
(601, 'user2', '2016-04-05 12:49:44', '2016-04-05 07:20:46'),
(602, 'user1', '2016-04-05 12:52:37', '2016-04-05 07:23:17'),
(603, 'user2', '2016-04-05 12:53:26', '2016-04-05 07:23:39'),
(604, 'user1', '2016-04-05 12:53:49', '2016-04-05 07:28:25'),
(605, 'user2', '2016-04-05 12:58:39', '2016-04-05 07:29:27'),
(606, 'user1', '2016-04-05 12:59:59', '2016-04-05 07:38:41'),
(607, 'user2', '2016-04-05 13:10:03', '2016-04-05 07:40:48'),
(608, 'user2', '2016-04-05 13:10:52', '2016-04-05 07:41:24'),
(609, 'user1', '2016-04-05 13:08:52', '2016-04-05 07:42:06'),
(610, 'user1', '2016-04-05 13:12:37', '2016-04-05 07:43:15'),
(611, 'user1', '2016-04-05 13:13:26', '2016-04-05 07:48:07'),
(612, 'user2', '2016-04-05 13:23:11', '2016-04-05 07:53:37'),
(613, 'user3', '2016-04-05 13:23:46', '2016-04-05 07:53:54'),
(614, 'user4', '2016-04-05 13:24:06', '2016-04-05 07:54:19'),
(615, 'user1', '2016-04-05 13:19:00', '2016-04-05 07:57:14'),
(616, 'user5', '2016-04-05 13:27:25', '2016-04-05 07:57:43'),
(617, 'user3', '2016-04-05 13:27:56', '2016-04-05 07:58:10'),
(618, 'user1', '2016-04-05 13:28:21', '2016-04-05 07:59:09'),
(619, 'user2', '2016-04-05 13:29:18', '2016-04-05 08:00:10'),
(620, 'user3', '2016-04-05 13:30:19', '2016-04-05 08:00:31'),
(621, 'user3', '2016-04-05 13:30:50', '2016-04-05 08:01:09'),
(622, 'user4', '2016-04-05 13:31:19', '2016-04-05 08:01:28'),
(623, 'user3', '2016-04-05 13:32:41', '2016-04-05 08:04:23'),
(624, 'user4', '2016-04-05 13:34:33', '2016-04-05 08:06:03'),
(625, 'user3', '2016-04-05 13:36:15', '2016-04-05 08:06:55'),
(626, 'user4', '2016-04-05 13:37:04', '2016-04-05 08:09:16'),
(627, 'user3', '2016-04-05 13:39:24', '2016-04-05 08:10:06'),
(628, 'user5', '2016-04-05 13:40:12', '2016-04-05 08:13:06'),
(629, 'user6', '2016-04-05 12:25:32', '2016-04-05 08:13:13'),
(630, 'user2', '2016-04-05 13:43:28', '2016-04-05 08:23:15'),
(631, 'user6', '2016-04-05 13:53:18', '2016-04-05 08:44:55'),
(632, 'user2', '2016-04-05 14:15:00', '2016-04-05 08:52:13'),
(633, 'user1', '2016-04-05 14:22:22', '2016-04-05 08:53:02'),
(634, 'user2', '2016-04-05 14:23:05', '2016-04-05 09:05:08'),
(635, 'user1', '2016-04-05 14:35:12', '2016-04-05 09:08:00'),
(636, 'user2', '2016-04-05 14:38:06', '2016-04-05 09:13:59'),
(637, 'user1', '2016-04-05 14:39:57', '2016-04-05 09:17:35'),
(638, 'user5', '2016-04-05 13:43:20', '2016-04-05 09:30:41'),
(639, 'User1', '2016-04-05 15:00:53', '2016-04-05 09:34:53'),
(640, 'user1', '2016-04-05 15:04:55', '2016-04-05 09:39:33'),
(641, 'user2', '2016-04-05 15:09:48', '2016-04-05 09:40:49'),
(642, 'user3', '2016-04-05 15:11:03', '2016-04-05 09:42:09'),
(643, 'user4', '2016-04-05 15:12:18', '2016-04-05 09:45:28'),
(644, 'user5', '2016-04-05 15:15:39', '2016-04-05 10:18:23'),
(645, 'user5', '2016-04-05 16:34:40', '2016-04-05 11:04:46'),
(646, 'user6', '2016-04-05 14:47:41', '2016-04-05 11:34:18'),
(647, 'user5', '2016-04-05 17:04:33', '2016-04-05 11:35:15'),
(648, 'user6', '2016-04-05 17:05:19', '2016-04-05 11:36:06'),
(649, 'user5', '2016-04-05 17:06:10', '2016-04-05 11:36:21'),
(650, 'user5', '2016-04-05 17:06:23', '2016-04-05 11:39:04'),
(651, 'user5', '2016-04-05 17:09:07', '2016-04-05 11:40:02'),
(652, 'user5', '2016-04-05 17:10:07', '2016-04-05 11:40:11'),
(653, 'user5', '2016-04-05 17:10:13', '2016-04-05 11:41:15'),
(654, 'user5', '2016-04-05 17:11:22', '2016-04-05 11:41:25'),
(655, 'user5', '2016-04-05 17:11:28', '2016-04-05 11:46:07'),
(656, 'user5', '2016-04-05 17:17:58', '2016-04-05 11:48:02'),
(657, 'user6', '2016-04-05 17:18:06', '2016-04-05 11:52:16'),
(658, 'user5', '2016-04-05 17:22:18', '2016-04-05 11:52:20'),
(659, 'user6', '2016-04-05 17:22:32', '2016-04-05 11:54:06'),
(660, 'user6', '2016-04-05 17:24:15', '2016-04-05 11:55:57'),
(661, 'user5', '2016-04-05 17:26:02', '2016-04-05 11:57:22'),
(662, 'user5', '2016-04-05 17:27:24', '2016-04-05 11:57:34'),
(663, 'user6', '2016-04-05 17:27:39', '2016-04-05 11:58:01'),
(664, 'user5', '2016-04-05 17:28:10', '2016-04-05 11:58:23'),
(665, 'user5', '2016-04-05 17:29:53', '2016-04-05 12:01:52'),
(666, 'user5', '2016-04-05 17:31:57', '2016-04-05 12:02:07'),
(667, 'user6', '2016-04-05 17:32:11', '2016-04-05 12:02:22'),
(668, 'user6', '2016-04-05 17:32:29', '2016-04-05 12:02:38'),
(669, 'user5', '2016-04-05 17:32:45', '2016-04-05 12:06:44'),
(670, 'user5', '2016-04-05 17:37:08', '2016-04-05 12:07:12'),
(671, 'user6', '2016-04-05 17:37:18', '2016-04-05 12:12:27'),
(672, 'user6', '2016-04-05 17:42:34', '2016-04-05 12:49:29'),
(673, 'user5', '2016-04-05 18:19:40', '2016-04-05 12:51:07'),
(674, 'user6', '2016-04-05 20:33:10', '2016-04-05 18:16:42'),
(675, 'user6', '2016-04-05 23:46:52', '2016-04-05 18:43:19'),
(676, 'user6', '2016-04-06 00:13:27', '2016-04-05 18:47:14'),
(677, 'user6', '2016-04-06 00:17:28', '2016-04-05 18:47:58'),
(678, 'user6', '2016-04-06 00:18:31', '2016-04-05 19:00:55'),
(679, 'user6', '2016-04-06 00:31:06', '2016-04-05 19:11:53'),
(680, 'user6', '2016-04-06 01:53:25', '2016-04-05 20:24:11'),
(681, 'user5', '2016-04-06 01:57:11', '2016-04-05 20:27:18'),
(682, 'user6', '2016-04-06 01:57:27', '2016-04-05 20:28:50'),
(683, 'user6', '2016-04-06 01:59:02', '2016-04-05 20:33:41'),
(684, 'user6', '2016-04-06 02:04:01', '2016-04-05 20:35:54'),
(685, 'user6', '2016-04-06 02:06:14', '2016-04-05 20:39:08'),
(686, 'user6', '2016-04-06 02:10:08', '2016-04-05 20:43:13'),
(687, 'user6', '2016-04-06 02:13:28', '2016-04-05 20:46:09'),
(688, 'user6', '2016-04-06 04:08:03', '2016-04-05 23:04:17'),
(689, 'user6', '2016-04-06 04:35:17', '2016-04-05 23:40:47'),
(690, 'user6', '2016-04-06 05:11:30', '2016-04-05 23:45:45'),
(691, 'user6', '2016-04-06 05:16:05', '2016-04-06 00:13:48'),
(692, 'user6', '2016-04-06 05:44:10', '2016-04-06 00:35:45'),
(693, 'user6', '2016-04-06 06:06:04', '2016-04-06 00:55:29'),
(694, 'user6', '2016-04-06 06:25:53', '2016-04-06 00:57:30'),
(695, 'user6', '2016-04-06 06:27:44', '2016-04-06 01:03:16'),
(696, 'user6', '2016-04-06 06:33:30', '2016-04-06 01:15:25'),
(697, 'user6', '2016-04-06 06:45:39', '2016-04-06 01:23:37'),
(698, 'user6', '2016-04-06 06:54:02', '2016-04-06 02:29:23'),
(699, 'user6', '2016-04-06 07:59:50', '2016-04-06 02:31:19'),
(700, 'user6', '2016-04-06 08:19:21', '2016-04-06 03:43:09'),
(701, 'user6', '2016-04-06 09:13:52', '2016-04-06 03:49:39'),
(702, 'user6', '2016-04-06 09:19:58', '2016-04-06 07:09:16'),
(703, 'user6', '2016-04-06 12:40:24', '2016-04-06 07:13:26'),
(704, 'user6', '2016-04-06 14:45:04', '2016-04-06 10:02:48'),
(705, 'user1', '2016-04-06 15:33:01', '2016-04-06 10:14:33'),
(706, 'user5', '2016-04-06 14:34:38', '2016-04-06 10:15:53'),
(707, 'user5', '2016-04-06 15:46:20', '2016-04-06 10:18:06'),
(708, 'user5', '2016-04-06 15:48:09', '2016-04-06 10:18:27'),
(709, 'user5', '2016-04-06 15:48:30', '2016-04-06 10:21:51'),
(710, 'user5', '2016-04-06 15:51:54', '2016-04-06 10:34:43'),
(711, 'user5', '2016-04-06 16:04:47', '2016-04-06 10:36:57'),
(712, 'user5', '2016-04-06 16:07:00', '2016-04-06 10:37:53'),
(713, 'user6', '2016-04-06 16:08:01', '2016-04-06 10:41:48'),
(714, 'user6', '2016-04-06 16:11:58', '2016-04-06 10:42:11'),
(715, 'user6', '2016-04-06 16:12:46', '2016-04-06 10:46:20'),
(716, 'user6', '2016-04-06 16:16:23', '2016-04-06 10:46:30'),
(717, 'user6', '2016-04-06 16:16:43', '2016-04-06 10:50:37'),
(718, 'user6', '2016-04-06 16:20:40', '2016-04-06 10:50:49'),
(719, 'user6', '2016-04-06 16:21:52', '2016-04-06 10:58:39'),
(720, 'user6', '2016-04-06 16:28:48', '2016-04-06 10:59:16'),
(721, 'user6', '2016-04-06 16:29:28', '2016-04-06 11:00:44'),
(722, 'user6', '2016-04-06 16:31:11', '2016-04-06 11:03:37'),
(723, 'user6', '2016-04-06 16:33:53', '2016-04-06 11:04:17'),
(724, 'user6', '2016-04-06 16:34:20', '2016-04-06 11:05:15'),
(725, 'user6', '2016-04-06 16:35:36', '2016-04-06 11:06:25'),
(726, 'user6', '2016-04-06 16:36:43', '2016-04-06 11:20:03'),
(727, 'user6', '2016-04-06 16:50:11', '2016-04-06 11:20:25'),
(728, 'user6', '2016-04-06 16:50:55', '2016-04-06 11:21:52'),
(729, 'user6', '2016-04-06 16:51:55', '2016-04-06 11:22:51'),
(730, 'user6', '2016-04-06 16:53:20', '2016-04-06 11:38:38'),
(731, 'user6', '2016-04-06 17:10:10', '2016-04-06 11:40:22'),
(732, 'user6', '2016-04-06 20:42:35', '2016-04-06 16:43:13'),
(733, 'user6', '2016-04-06 22:13:21', '2016-04-06 16:45:59'),
(734, 'user6', '2016-04-06 22:16:54', '2016-04-06 16:47:19'),
(735, 'user6', '2016-04-06 22:18:18', '2016-04-06 16:51:34'),
(736, 'user6', '2016-04-06 22:22:11', '2016-04-06 16:58:30'),
(737, 'user5', '2016-04-06 22:28:38', '2016-04-06 16:58:53'),
(738, 'user2', '2016-04-06 22:30:00', '2016-04-06 17:05:05'),
(739, 'user6', '2016-04-06 22:35:13', '2016-04-06 17:08:51'),
(740, 'user6', '2016-04-06 22:39:07', '2016-04-06 17:29:47'),
(741, 'user2', '2016-04-06 22:59:58', '2016-04-06 17:32:15'),
(742, 'user3', '2016-04-06 23:02:24', '2016-04-06 17:43:17'),
(743, 'user6', '2016-04-06 23:13:31', '2016-04-06 17:45:46'),
(744, 'user2', '2016-04-06 23:15:54', '2016-04-06 17:46:30'),
(745, 'user3', '2016-04-06 23:19:29', '2016-04-06 17:50:12'),
(746, 'user3', '2016-04-06 23:23:13', '2016-04-06 17:54:25'),
(747, 'user4', '2016-04-06 23:24:34', '2016-04-06 17:58:52'),
(748, 'user6', '2016-04-06 23:28:59', '2016-04-06 18:33:57'),
(749, 'user6', '2016-04-07 00:40:15', '2016-04-06 19:11:10'),
(750, 'user2', '2016-04-07 00:41:23', '2016-04-06 19:19:46'),
(751, 'user3', '2016-04-07 00:50:00', '2016-04-06 19:21:27'),
(752, 'user4', '2016-04-07 00:51:36', '2016-04-06 19:33:52'),
(753, 'user4', '2016-04-07 01:04:10', '2016-04-06 19:35:31'),
(754, 'user6', '2016-04-07 01:05:41', '2016-04-06 19:47:33'),
(755, 'user2', '2016-04-07 01:17:52', '2016-04-06 19:50:29'),
(756, 'user2', '2016-04-07 01:20:42', '2016-04-06 19:51:59'),
(757, 'user2', '2016-04-07 01:22:20', '2016-04-06 19:55:58'),
(758, 'user2', '2016-04-07 01:26:17', '2016-04-06 19:59:27'),
(759, 'user6', '2016-04-07 01:29:37', '2016-04-06 20:00:24'),
(760, 'user2', '2016-04-07 01:30:35', '2016-04-06 20:02:57'),
(761, 'user2', '2016-04-07 01:34:17', '2016-04-06 20:06:01'),
(762, 'user2', '2016-04-07 01:36:11', '2016-04-06 20:09:18'),
(763, 'user2', '2016-04-07 01:39:36', '2016-04-06 20:24:21'),
(764, 'user2', '2016-04-07 01:54:39', '2016-04-06 20:25:48'),
(765, 'user2', '2016-04-07 01:55:57', '2016-04-06 20:27:57'),
(766, 'user2', '2016-04-07 01:58:05', '2016-04-06 20:30:54'),
(767, 'user2', '2016-04-07 02:01:05', '2016-04-06 20:34:15'),
(768, 'user2', '2016-04-07 02:04:28', '2016-04-06 20:41:39'),
(769, 'user3', '2016-04-07 02:18:01', '2016-04-06 20:48:51'),
(770, 'user2', '2016-04-07 02:18:59', '2016-04-06 20:52:33'),
(771, 'user6', '2016-04-07 02:22:47', '2016-04-06 20:54:33'),
(772, 'user2', '2016-04-07 02:44:06', '2016-04-06 21:23:35'),
(773, 'user3', '2016-04-07 02:53:51', '2016-04-06 21:25:50'),
(774, 'user6', '2016-04-07 04:12:41', '2016-04-06 22:44:38'),
(775, 'user6', '2016-04-07 04:15:15', '2016-04-06 22:51:19'),
(776, 'User1', '2016-04-07 05:00:11', '2016-04-06 23:33:53'),
(777, 'user1', '2016-04-07 05:07:26', '2016-04-06 23:38:16'),
(778, 'user1', '2016-04-07 05:12:54', '2016-04-06 23:43:01'),
(779, 'user6', '2016-04-07 04:22:23', '2016-04-07 00:43:55'),
(780, 'user6', '2016-04-07 06:18:29', '2016-04-07 01:02:41'),
(781, 'user6', '2016-04-07 06:35:08', '2016-04-07 01:18:33'),
(782, 'user6', '2016-04-07 06:49:55', '2016-04-07 01:23:33'),
(783, 'user6', '2016-04-07 06:53:53', '2016-04-07 01:26:59'),
(784, 'user6', '2016-04-07 07:00:44', '2016-04-07 01:44:22'),
(785, 'user6', '2016-04-07 07:15:36', '2016-04-07 01:50:16'),
(786, 'user6', '2016-04-07 07:20:35', '2016-04-07 04:15:36'),
(787, 'user6', '2016-04-07 09:46:07', '2016-04-07 04:22:54'),
(788, 'user6', '2016-04-07 09:53:20', '2016-04-07 04:25:06'),
(789, 'user6', '2016-04-07 09:55:13', '2016-04-07 04:25:33'),
(790, 'user6', '2016-04-07 09:56:19', '2016-04-07 04:49:48'),
(791, 'user6', '2016-04-07 10:19:51', '2016-04-07 04:50:12'),
(792, 'user6', '2016-04-07 10:20:56', '2016-04-07 04:59:26'),
(793, 'user6', '2016-04-07 10:29:33', '2016-04-07 05:02:23'),
(794, 'user6', '2016-04-07 10:32:33', '2016-04-07 05:10:11'),
(795, 'user6', '2016-04-07 10:40:17', '2016-04-07 05:13:51'),
(796, 'user6', '2016-04-07 10:43:58', '2016-04-07 05:33:12'),
(797, 'user6', '2016-04-07 11:03:18', '2016-04-07 05:36:01'),
(798, 'user6', '2016-04-07 11:06:27', '2016-04-07 05:37:50'),
(799, 'user6', '2016-04-07 11:07:57', '2016-04-07 05:40:47'),
(800, 'user6', '2016-04-07 11:12:11', '2016-04-07 05:50:32'),
(801, 'user6', '2016-04-07 11:20:41', '2016-04-07 05:51:26'),
(802, 'user6', '2016-04-07 11:21:36', '2016-04-07 05:52:44'),
(803, 'user6', '2016-04-07 11:22:54', '2016-04-07 05:53:00'),
(804, 'user6', '2016-04-07 11:23:30', '2016-04-07 05:55:55'),
(805, 'user6', '2016-04-07 11:26:03', '2016-04-07 05:57:47'),
(806, 'user6', '2016-04-07 11:27:56', '2016-04-07 05:59:29'),
(807, 'user6', '2016-04-07 11:29:38', '2016-04-07 06:10:57'),
(808, 'user6', '2016-04-07 11:41:08', '2016-04-07 06:16:55'),
(809, 'user6', '2016-04-07 11:47:04', '2016-04-07 06:19:51'),
(810, 'user6', '2016-04-07 11:49:59', '2016-04-07 06:21:42'),
(811, 'user6', '2016-04-07 11:51:56', '2016-04-07 06:22:42'),
(812, 'user1', '2016-04-07 11:52:34', '2016-04-07 06:24:15'),
(813, 'user6', '2016-04-07 11:52:53', '2016-04-07 07:18:14'),
(814, 'user1', '2016-04-07 12:48:28', '2016-04-07 07:20:07'),
(815, 'user2', '2016-04-07 12:50:17', '2016-04-07 07:21:07'),
(816, 'user2', '2016-04-07 12:52:51', '2016-04-07 07:23:26'),
(817, 'user2', '2016-04-07 12:53:43', '2016-04-07 07:25:23'),
(818, 'user2', '2016-04-07 12:56:25', '2016-04-07 07:29:02'),
(819, 'user3', '2016-04-07 12:59:10', '2016-04-07 07:29:28'),
(820, 'user6', '2016-04-07 12:50:37', '2016-04-07 07:54:21'),
(821, 'user6', '2016-04-07 13:25:36', '2016-04-07 09:30:45'),
(822, 'user6', '2016-04-07 15:00:48', '2016-04-07 09:30:53'),
(823, 'user1', '2016-04-07 15:01:00', '2016-04-07 09:31:56'),
(824, 'user1', '2016-04-07 15:02:00', '2016-04-07 09:32:51'),
(825, 'user6', '2016-04-07 15:22:35', '2016-04-07 09:52:40'),
(826, 'user6', '2016-04-07 15:22:46', '2016-04-07 10:01:08'),
(827, 'user6', '2016-04-07 15:31:30', '2016-04-07 10:01:53'),
(828, 'user6', '2016-04-07 15:32:10', '2016-04-07 10:02:49'),
(829, 'user6', '2016-04-07 15:32:55', '2016-04-07 10:03:31'),
(830, 'user6', '2016-04-07 15:36:18', '2016-04-07 10:06:34'),
(831, 'user6', '2016-04-07 15:39:16', '2016-04-07 10:09:32'),
(832, 'user6', '2016-04-07 15:40:31', '2016-04-07 10:10:41'),
(833, 'user6', '2016-04-07 15:40:48', '2016-04-07 10:24:01'),
(834, 'user6', '2016-04-07 15:54:15', '2016-04-07 10:31:28'),
(835, 'user1', '2016-04-07 16:11:11', '2016-04-07 10:41:25'),
(836, 'user1', '2016-04-07 16:11:29', '2016-04-07 10:41:36'),
(837, 'user1', '2016-04-07 16:12:57', '2016-04-07 10:44:31'),
(838, 'user1', '2016-04-07 16:14:55', '2016-04-07 10:45:56'),
(839, 'user6', '2016-04-07 16:11:48', '2016-04-07 10:46:15'),
(840, 'user1', '2016-04-07 16:16:26', '2016-04-07 10:49:46'),
(841, 'user1', '2016-04-07 16:19:59', '2016-04-07 10:55:41'),
(842, 'user6', '2016-04-07 17:02:38', '2016-04-07 11:34:14'),
(843, 'user6', '2016-04-07 17:04:30', '2016-04-07 11:34:53'),
(844, 'user6', '2016-04-07 17:05:19', '2016-04-07 11:37:22'),
(845, 'user6', '2016-04-07 17:13:54', '2016-04-07 12:02:06'),
(846, 'user6', '2016-04-07 17:43:46', '2016-04-07 12:14:36'),
(847, 'user6', '2016-04-07 17:44:49', '2016-04-07 12:16:00'),
(848, 'user6', '2016-04-07 17:46:21', '2016-04-07 12:17:39'),
(849, 'user6', '2016-04-07 17:47:50', '2016-04-07 12:19:15'),
(850, 'user6', '2016-04-07 17:49:38', '2016-04-07 12:24:34'),
(851, 'user6', '2016-04-07 17:54:44', '2016-04-07 12:25:29'),
(852, 'user6', '2016-04-07 17:55:39', '2016-04-07 12:28:23'),
(853, 'user6', '2016-04-07 17:58:50', '2016-04-07 12:29:16'),
(854, 'user6', '2016-04-07 17:59:49', '2016-04-07 12:30:20'),
(855, 'user6', '2016-04-07 18:02:28', '2016-04-07 12:32:58'),
(856, 'user6', '2016-04-07 18:03:07', '2016-04-07 12:33:38'),
(857, 'user6', '2016-04-07 18:03:48', '2016-04-07 13:00:37'),
(858, 'user1', '2016-04-07 16:26:00', '2016-04-07 13:36:09'),
(859, 'User2', '2016-04-07 19:06:22', '2016-04-07 13:36:56'),
(860, 'User5', '2016-04-07 19:07:09', '2016-04-07 13:38:31'),
(861, 'User1', '2016-04-07 19:08:45', '2016-04-07 13:45:53'),
(862, 'user6', '2016-04-07 18:30:45', '2016-04-07 13:52:34'),
(863, 'user1', '2016-04-07 19:17:20', '2016-04-07 13:58:58'),
(864, 'User1', '2016-04-07 19:29:11', '2016-04-07 14:25:35'),
(865, 'user6', '2016-04-07 19:22:41', '2016-04-07 18:58:35'),
(866, 'User2', '2016-04-07 19:16:17', '2016-04-07 19:02:16'),
(867, 'user1', '2016-04-08 00:32:31', '2016-04-07 19:04:10'),
(868, 'user2', '2016-04-08 00:34:39', '2016-04-07 19:05:20'),
(869, 'user3', '2016-04-08 00:35:31', '2016-04-07 19:07:24'),
(870, 'user2', '2016-04-08 00:37:35', '2016-04-07 19:07:54'),
(871, 'user1', '2016-04-08 00:38:07', '2016-04-07 19:09:29'),
(872, 'user2', '2016-04-08 00:40:25', '2016-04-07 19:12:16'),
(873, 'user3', '2016-04-08 00:42:27', '2016-04-07 19:18:36'),
(874, 'user1', '2016-04-08 00:49:05', '2016-04-07 19:24:39'),
(875, 'user2', '2016-04-08 00:54:50', '2016-04-07 19:25:52'),
(876, 'user3', '2016-04-08 00:56:25', '2016-04-07 19:27:31'),
(877, 'user2', '2016-04-08 00:57:40', '2016-04-07 19:46:33'),
(878, 'user1', '2016-04-08 01:17:01', '2016-04-07 19:47:26'),
(879, 'user2', '2016-04-08 01:19:23', '2016-04-07 19:50:06'),
(880, 'user1', '2016-04-08 01:21:34', '2016-04-07 19:53:52'),
(881, 'user6', '2016-04-08 01:24:26', '2016-04-07 19:59:48'),
(882, 'user2', '2016-04-08 01:29:58', '2016-04-07 20:00:31'),
(883, 'user3', '2016-04-08 01:30:48', '2016-04-07 20:02:29'),
(884, 'user2', '2016-04-08 01:32:47', '2016-04-07 20:08:26'),
(885, 'user3', '2016-04-08 01:39:11', '2016-04-07 20:13:47'),
(886, 'user3', '2016-04-08 01:44:00', '2016-04-07 20:15:19'),
(887, 'user2', '2016-04-08 01:45:33', '2016-04-07 20:17:05'),
(888, 'user6', '2016-04-08 01:47:17', '2016-04-07 20:24:32'),
(889, 'user2', '2016-04-08 01:54:54', '2016-04-07 20:25:26'),
(890, 'user6', '2016-04-08 01:56:09', '2016-04-07 20:31:45'),
(891, 'user1', '2016-04-08 02:01:58', '2016-04-07 20:44:15'),
(892, 'user1', '2016-04-08 02:14:34', '2016-04-07 20:44:52'),
(893, 'user6', '2016-04-08 02:15:02', '2016-04-07 20:50:49'),
(894, 'user1', '2016-04-08 02:20:57', '2016-04-08 06:21:25'),
(895, 'user6', '2016-04-08 11:51:37', '2016-04-08 06:21:47'),
(896, 'USER6', '2016-04-08 11:58:29', '2016-04-08 06:29:31'),
(897, 'user6', '2016-04-08 11:59:38', '2016-04-08 06:30:55'),
(898, 'user6', '2016-04-08 12:01:03', '2016-04-08 07:07:34'),
(899, 'user6', '2016-04-08 12:40:49', '2016-04-08 07:48:10'),
(900, 'user1', '2016-04-08 12:37:43', '2016-04-08 09:17:52'),
(901, 'user1', '2016-04-08 14:48:07', '2016-04-08 09:18:20'),
(902, 'user2', '2016-04-08 14:49:45', '2016-04-08 09:20:41'),
(903, 'user2', '2016-04-08 14:51:29', '2016-04-08 09:21:52'),
(904, 'user1', '2016-04-08 14:52:01', '2016-04-08 10:03:20'),
(905, 'user1', '2016-04-08 15:34:58', '2016-04-08 10:24:26'),
(906, 'user6', '2016-04-08 13:18:18', '2016-04-08 10:40:19'),
(907, 'user2', '2016-04-08 16:50:30', '2016-04-08 11:25:23'),
(908, 'user1', '2016-04-08 16:33:11', '2016-04-08 12:00:41'),
(909, 'user6', '2016-04-08 17:30:50', '2016-04-08 12:01:44'),
(910, 'User1', '2016-04-08 17:59:12', '2016-04-08 13:37:51'),
(911, 'user6', '2016-04-08 17:32:00', '2016-04-08 14:04:52'),
(912, 'user6', '2016-04-08 19:35:01', '2016-04-08 16:25:59'),
(913, 'user6', '2016-04-08 21:56:16', '2016-04-08 16:26:29'),
(914, 'user6', '2016-04-08 21:57:01', '2016-04-08 16:30:17'),
(915, 'user6', '2016-04-08 22:00:33', '2016-04-08 16:37:22'),
(916, 'user6', '2016-04-08 22:08:21', '2016-04-08 17:02:45'),
(917, 'user6', '2016-04-08 22:33:18', '2016-04-08 17:14:32'),
(918, 'user6', '2016-04-08 22:45:21', '2016-04-08 17:19:26'),
(919, 'user6', '2016-04-08 22:49:57', '2016-04-08 17:25:27'),
(920, 'user6', '2016-04-08 22:55:58', '2016-04-08 17:33:12'),
(921, 'user6', '2016-04-08 23:03:27', '2016-04-08 18:06:35'),
(922, 'user6', '2016-04-08 23:37:11', '2016-04-08 18:22:23'),
(923, 'user6', '2016-04-08 23:53:30', '2016-04-08 19:07:35'),
(924, 'user6', '2016-04-09 00:37:50', '2016-04-08 19:08:02'),
(925, 'user6', '2016-04-09 00:38:10', '2016-04-08 19:09:14'),
(926, 'user6', '2016-04-09 00:39:23', '2016-04-08 19:26:00'),
(927, 'user6', '2016-04-09 00:58:32', '2016-04-08 19:33:05'),
(928, 'user6', '2016-04-09 01:03:19', '2016-04-08 19:58:08'),
(929, 'user6', '2016-04-09 01:28:23', '2016-04-08 21:37:02'),
(930, 'user6', '2016-04-09 03:13:08', '2016-04-08 22:33:35'),
(931, 'user6', '2016-04-09 04:03:55', '2016-04-08 22:37:13'),
(932, 'user6', '2016-04-09 04:07:41', '2016-04-08 23:31:42');
INSERT INTO `user_ssn_log` (`SlNo`, `User_Id`, `Ssn_Started_At`, `Ssn_Ended_At`) VALUES
(933, 'user6', '2016-04-09 05:01:59', '2016-04-09 00:02:05'),
(934, 'user6', '2016-04-09 05:32:22', '2016-04-09 00:02:50'),
(935, 'user6', '2016-04-09 05:34:50', '2016-04-09 00:06:40'),
(936, 'user6', '2016-04-09 05:36:59', '2016-04-09 00:09:56'),
(937, 'user6', '2016-04-09 05:40:13', '2016-04-09 00:52:15'),
(938, 'user6', '2016-04-09 06:22:32', '2016-04-09 00:53:03'),
(939, 'user6', '2016-04-09 06:23:26', '2016-04-09 01:47:00'),
(940, 'user6', '2016-04-09 07:27:30', '2016-04-09 02:01:44'),
(941, 'user6', '2016-04-09 07:32:04', '2016-04-09 02:07:09'),
(942, 'user6', '2016-04-09 07:37:51', '2016-04-09 02:09:17'),
(943, 'user6', '2016-04-09 07:39:47', '2016-04-09 02:13:08'),
(944, 'user6', '2016-04-09 07:43:23', '2016-04-09 02:32:29'),
(945, 'user2', '2016-04-09 08:02:49', '2016-04-09 02:33:18'),
(946, 'user1', '2016-04-09 07:17:28', '2016-04-09 02:34:29'),
(947, 'user2', '2016-04-09 08:04:41', '2016-04-09 02:35:13'),
(948, 'user1', '2016-04-09 08:05:26', '2016-04-09 02:35:41'),
(949, 'user2', '2016-04-09 08:05:52', '2016-04-09 02:36:13'),
(950, 'user3', '2016-04-09 08:06:32', '2016-04-09 02:37:04'),
(951, 'user4', '2016-04-09 08:09:36', '2016-04-09 02:50:20'),
(952, 'user1', '2016-04-09 08:20:36', '2016-04-09 02:52:49'),
(953, 'user2', '2016-04-09 08:23:00', '2016-04-09 02:54:31'),
(954, 'user1', '2016-04-09 08:24:58', '2016-04-09 02:55:22'),
(955, 'user1', '2016-04-09 08:25:35', '2016-04-09 02:56:11'),
(956, 'user2', '2016-04-09 08:26:26', '2016-04-09 02:56:49'),
(957, 'user3', '2016-04-09 08:27:07', '2016-04-09 02:57:27'),
(958, 'user4', '2016-04-09 08:27:39', '2016-04-09 02:58:18'),
(959, 'user1', '2016-04-09 08:28:33', '2016-04-09 02:58:53'),
(960, 'user6', '2016-04-09 08:29:04', '2016-04-09 03:00:39'),
(961, 'user1', '2016-04-09 08:30:51', '2016-04-09 03:01:46'),
(962, 'user1', '2016-04-09 08:31:54', '2016-04-09 03:02:02'),
(963, 'user2', '2016-04-09 08:32:12', '2016-04-09 03:02:47'),
(964, 'user3', '2016-04-09 08:32:58', '2016-04-09 03:03:21'),
(965, 'user4', '2016-04-09 08:33:34', '2016-04-09 03:03:42'),
(966, 'user2', '2016-04-09 08:33:54', '2016-04-09 03:04:09'),
(967, 'user3', '2016-04-09 08:34:19', '2016-04-09 03:08:52'),
(968, 'user1', '2016-04-09 08:37:27', '2016-04-09 03:10:18'),
(969, 'user1', '2016-04-09 08:40:52', '2016-04-09 03:11:07'),
(970, 'user2', '2016-04-09 08:40:46', '2016-04-09 03:12:12'),
(971, 'user1', '2016-04-09 08:42:29', '2016-04-09 03:13:17'),
(972, 'User3', '2016-04-09 08:43:33', '2016-04-09 03:14:03'),
(973, 'user1', '2016-04-09 08:44:20', '2016-04-09 03:14:59'),
(974, 'user2', '2016-04-09 08:45:00', '2016-04-09 03:15:12'),
(975, 'user1', '2016-04-09 08:45:22', '2016-04-09 03:17:06'),
(976, 'user2', '2016-04-09 08:47:17', '2016-04-09 03:20:53'),
(977, 'user1', '2016-04-09 08:51:07', '2016-04-09 03:22:28'),
(978, 'user2', '2016-04-09 08:52:37', '2016-04-09 03:26:08'),
(979, 'user2', '2016-04-09 08:57:55', '2016-04-09 03:30:06'),
(980, 'user3', '2016-04-09 09:00:40', '2016-04-09 03:32:33'),
(981, 'user4', '2016-04-09 09:02:46', '2016-04-09 03:34:11'),
(982, 'user1', '2016-04-09 09:06:52', '2016-04-09 04:14:10'),
(983, 'user6', '2016-04-09 09:15:32', '2016-04-09 04:38:50'),
(984, 'user1', '2016-04-09 10:09:05', '2016-04-09 04:40:16'),
(985, 'user1', '2016-04-09 10:10:38', '2016-04-09 04:41:28'),
(986, 'user1', '2016-04-09 10:11:48', '2016-04-09 04:42:03'),
(987, 'user2', '2016-04-09 10:12:15', '2016-04-09 04:42:55'),
(988, 'user3', '2016-04-09 10:13:04', '2016-04-09 04:43:31'),
(989, 'user4', '2016-04-09 10:14:21', '2016-04-09 04:44:56'),
(990, 'user1', '2016-04-09 10:15:07', '2016-04-09 04:45:50'),
(991, 'user2', '2016-04-09 10:16:12', '2016-04-09 04:46:26'),
(992, 'user3', '2016-04-09 10:16:38', '2016-04-09 04:46:55'),
(993, 'user1', '2016-04-09 10:17:05', '2016-04-09 04:47:13'),
(994, 'user3', '2016-04-09 10:17:23', '2016-04-09 04:47:31'),
(995, 'user4', '2016-04-09 10:17:42', '2016-04-09 04:48:03'),
(996, 'user1', '2016-04-09 10:18:14', '2016-04-09 04:48:50'),
(997, 'user2', '2016-04-09 10:19:05', '2016-04-09 04:49:21'),
(998, 'user3', '2016-04-09 10:19:39', '2016-04-09 04:50:31'),
(999, 'user1', '2016-04-09 10:20:41', '2016-04-09 04:51:20'),
(1000, 'user2', '2016-04-09 10:21:31', '2016-04-09 06:00:09'),
(1001, 'user1', '2016-04-09 11:30:19', '2016-04-09 06:00:56'),
(1002, 'user2', '2016-04-09 11:31:10', '2016-04-09 06:01:37'),
(1003, 'user3', '2016-04-09 11:31:46', '2016-04-09 06:02:13'),
(1004, 'user4', '2016-04-09 11:32:21', '2016-04-09 06:02:34'),
(1005, 'user1', '2016-04-09 11:32:45', '2016-04-09 06:03:37'),
(1006, 'user1', '2016-04-09 11:33:52', '2016-04-09 06:04:07'),
(1007, 'user1', '2016-04-09 11:34:16', '2016-04-09 06:05:27'),
(1008, 'user1', '2016-04-09 11:35:36', '2016-04-09 06:06:28'),
(1009, 'user1', '2016-04-09 11:36:38', '2016-04-09 06:07:37'),
(1010, 'user1', '2016-04-09 11:37:46', '2016-04-09 06:08:18'),
(1011, 'user1', '2016-04-09 11:38:30', '2016-04-09 06:10:42'),
(1012, 'user1', '2016-04-09 11:40:55', '2016-04-09 06:12:29'),
(1013, 'user1', '2016-04-09 11:42:43', '2016-04-09 06:14:08'),
(1014, 'user1', '2016-04-09 11:44:17', '2016-04-09 06:19:42'),
(1015, 'user1', '2016-04-09 11:49:53', '2016-04-09 06:20:30'),
(1016, 'user1', '2016-04-09 11:50:38', '2016-04-09 06:21:30'),
(1017, 'user1', '2016-04-09 11:51:47', '2016-04-09 06:22:36'),
(1018, 'user1', '2016-04-09 11:52:46', '2016-04-09 06:25:38'),
(1019, 'user1', '2016-04-09 11:56:00', '2016-04-09 06:26:49'),
(1020, 'user1', '2016-04-09 11:57:06', '2016-04-09 06:29:08'),
(1021, 'user1', '2016-04-09 11:59:20', '2016-04-09 06:30:04'),
(1022, 'user1', '2016-04-09 12:00:28', '2016-04-09 06:31:47'),
(1023, 'user1', '2016-04-09 12:02:04', '2016-04-09 06:41:19'),
(1024, 'user1', '2016-04-09 12:11:29', '2016-04-09 06:46:48'),
(1025, 'user1', '2016-04-09 12:17:01', '2016-04-09 06:47:31'),
(1026, 'user1', '2016-04-09 12:17:44', '2016-04-09 06:47:56'),
(1027, 'user2', '2016-04-09 12:18:05', '2016-04-09 06:48:17'),
(1028, 'user3', '2016-04-09 12:18:40', '2016-04-09 06:48:52'),
(1029, 'user4', '2016-04-09 12:19:03', '2016-04-09 06:51:34'),
(1030, 'user1', '2016-04-09 12:21:43', '2016-04-09 07:19:31'),
(1031, 'user1', '2016-04-09 12:49:51', '2016-04-09 07:21:36'),
(1032, 'user1', '2016-04-09 12:51:50', '2016-04-09 07:24:14'),
(1033, 'user1', '2016-04-09 12:54:28', '2016-04-09 07:24:56'),
(1034, 'user1', '2016-04-09 12:56:11', '2016-04-09 07:27:55'),
(1035, 'user2', '2016-04-09 12:58:06', '2016-04-09 07:28:34'),
(1036, 'user3', '2016-04-09 12:58:44', '2016-04-09 07:30:49'),
(1037, 'user1', '2016-04-09 13:00:59', '2016-04-09 07:31:55'),
(1038, 'user1', '2016-04-09 13:02:09', '2016-04-09 07:33:30'),
(1039, 'user2', '2016-04-09 13:03:39', '2016-04-09 07:34:07'),
(1040, 'user5', '2016-04-09 13:04:17', '2016-04-09 07:34:32'),
(1041, 'user1', '2016-04-09 13:04:42', '2016-04-09 07:37:58'),
(1042, 'user1', '2016-04-09 13:13:26', '2016-04-09 07:44:01'),
(1043, 'user2', '2016-04-09 13:14:09', '2016-04-09 07:47:46'),
(1044, 'user1', '2016-04-09 13:19:19', '2016-04-09 07:49:52'),
(1045, 'user2', '2016-04-09 13:19:59', '2016-04-09 07:54:20'),
(1046, 'user1', '2016-04-09 13:24:31', '2016-04-09 08:04:46'),
(1047, 'user2', '2016-04-09 13:34:54', '2016-04-09 08:05:15'),
(1048, 'user3', '2016-04-09 13:35:25', '2016-04-09 08:05:44'),
(1049, 'user4', '2016-04-09 13:36:01', '2016-04-09 08:06:19'),
(1050, 'user1', '2016-04-09 13:36:29', '2016-04-09 08:06:56'),
(1051, 'user2', '2016-04-09 13:37:04', '2016-04-09 08:07:18'),
(1052, 'user1', '2016-04-09 13:42:06', '2016-04-09 08:12:42'),
(1053, 'user2', '2016-04-09 13:42:51', '2016-04-09 08:13:18'),
(1054, 'user3', '2016-04-09 13:35:57', '2016-04-09 08:13:41'),
(1055, 'user1', '2016-04-09 13:44:04', '2016-04-09 08:14:12'),
(1056, 'user4', '2016-04-09 13:44:19', '2016-04-09 08:14:39'),
(1057, 'user1', '2016-04-09 13:44:49', '2016-04-09 08:16:07'),
(1058, 'user2', '2016-04-09 13:46:16', '2016-04-09 08:16:28'),
(1059, 'USER3', '2016-04-09 13:46:38', '2016-04-09 08:17:00'),
(1060, 'user3', '2016-04-09 13:47:12', '2016-04-09 08:17:17'),
(1061, 'user4', '2016-04-09 13:47:25', '2016-04-09 08:37:05'),
(1062, 'user1', '2016-04-09 14:07:38', '2016-04-09 08:39:14'),
(1063, 'user1', '2016-04-09 14:09:23', '2016-04-09 08:40:03'),
(1064, 'user1', '2016-04-09 14:10:17', '2016-04-09 08:50:26'),
(1065, 'user6', '2016-04-09 14:20:39', '2016-04-09 08:52:38'),
(1066, 'user6', '2016-04-09 14:22:47', '2016-04-09 08:54:14'),
(1067, 'user6', '2016-04-09 14:24:29', '2016-04-09 08:55:10'),
(1068, 'user1', '2016-04-09 14:27:17', '2016-04-09 08:59:29'),
(1069, 'user6', '2016-04-09 14:25:28', '2016-04-09 09:01:38'),
(1070, 'user1', '2016-04-09 14:32:25', '2016-04-09 09:24:13'),
(1071, 'user1', '2016-04-09 14:54:20', '2016-04-09 09:25:47'),
(1072, 'user6', '2016-04-09 14:31:56', '2016-04-09 09:40:14'),
(1073, 'user1', '2016-04-09 15:10:25', '2016-04-09 09:42:04'),
(1074, 'user2', '2016-04-09 15:10:51', '2016-04-09 09:45:32'),
(1075, 'user6', '2016-04-09 15:12:15', '2016-04-09 09:46:48'),
(1076, 'user6', '2016-04-09 15:17:01', '2016-04-09 09:47:21'),
(1077, 'user6', '2016-04-09 15:17:31', '2016-04-09 09:51:56'),
(1078, 'user1', '2016-04-09 15:15:42', '2016-04-09 09:52:21'),
(1079, 'user6', '2016-04-09 15:22:31', '2016-04-09 09:53:58'),
(1080, 'user6', '2016-04-09 15:24:08', '2016-04-09 09:54:13'),
(1081, 'user6', '2016-04-09 15:24:23', '2016-04-09 09:57:58'),
(1082, 'user6', '2016-04-09 15:28:07', '2016-04-09 10:00:07'),
(1083, 'user6', '2016-04-09 15:30:17', '2016-04-09 10:04:04'),
(1084, 'user6', '2016-04-09 15:35:39', '2016-04-09 10:15:19'),
(1085, 'user6', '2016-04-09 15:45:43', '2016-04-09 10:16:21'),
(1086, 'user1', '2016-04-09 15:50:02', '2016-04-09 10:20:47'),
(1087, 'user6', '2016-04-09 15:46:34', '2016-04-09 10:53:41'),
(1088, 'user1', '2016-04-09 16:24:11', '2016-04-09 10:54:38'),
(1089, 'user1', '2016-04-09 16:24:46', '2016-04-09 10:55:24'),
(1090, 'user1', '2016-04-09 16:25:33', '2016-04-09 10:56:01'),
(1091, 'user1', '2016-04-09 16:26:08', '2016-04-09 10:56:52'),
(1092, 'user1', '2016-04-09 16:27:02', '2016-04-09 10:58:19'),
(1093, 'user1', '2016-04-09 16:28:27', '2016-04-09 10:59:06'),
(1094, 'user2', '2016-04-09 16:41:32', '2016-04-09 11:12:19'),
(1095, 'user2', '2016-04-09 16:43:29', '2016-04-09 11:15:17'),
(1096, 'user2', '2016-04-09 16:56:00', '2016-04-09 11:26:51'),
(1097, 'user1', '2016-04-09 16:47:54', '2016-04-09 11:31:45'),
(1098, 'user1', '2016-04-09 17:01:49', '2016-04-09 11:32:02'),
(1099, 'user1', '2016-04-09 17:02:22', '2016-04-09 11:45:27'),
(1100, 'user6', '2016-04-09 17:06:54', '2016-04-09 11:52:52'),
(1101, 'user1', '2016-04-09 17:15:41', '2016-04-09 12:09:42'),
(1102, 'user1', '2016-04-09 17:39:50', '2016-04-09 12:10:30'),
(1103, 'user1', '2016-04-09 17:40:36', '2016-04-09 12:16:39'),
(1104, 'user1', '2016-04-09 17:46:47', '2016-04-09 12:17:30'),
(1105, 'user2', '2016-04-09 17:47:38', '2016-04-09 12:37:28'),
(1106, 'user6', '2016-04-09 18:07:36', '2016-04-09 12:38:15'),
(1107, 'user1', '2016-04-09 22:33:14', '2016-04-09 17:05:50'),
(1108, 'user2', '2016-04-09 22:36:04', '2016-04-09 17:06:54'),
(1109, 'user1', '2016-04-09 22:37:12', '2016-04-09 17:08:40'),
(1110, 'user1', '2016-04-09 22:38:54', '2016-04-09 17:09:01'),
(1111, 'user5', '2016-04-09 13:08:05', '2016-04-09 17:09:59'),
(1112, 'user1', '2016-04-09 22:54:03', '2016-04-09 17:24:27'),
(1113, 'User1', '2016-04-09 23:01:48', '2016-04-09 17:32:13'),
(1114, 'User1', '2016-04-09 23:11:03', '2016-04-09 17:42:18'),
(1115, 'user1', '2016-04-10 05:49:12', '2016-04-10 00:20:51'),
(1116, 'user2', '2016-04-10 05:51:11', '2016-04-10 00:21:47'),
(1117, 'User3', '2016-04-10 05:52:17', '2016-04-10 00:22:41'),
(1118, 'user4', '2016-04-10 05:53:03', '2016-04-10 00:23:27'),
(1119, 'user5', '2016-04-10 05:53:44', '2016-04-10 00:26:30'),
(1120, 'user1', '2016-04-10 05:56:48', '2016-04-10 00:32:26'),
(1121, 'user1', '2016-04-10 06:05:54', '2016-04-10 00:36:40'),
(1122, 'user2', '2016-04-10 06:06:54', '2016-04-10 00:37:19'),
(1123, 'user1', '2016-04-10 06:07:31', '2016-04-10 00:38:25'),
(1124, 'user2', '2016-04-10 06:08:43', '2016-04-10 00:39:05'),
(1125, 'User3', '2016-04-10 06:09:21', '2016-04-10 00:39:41'),
(1126, 'user3', '2016-04-10 06:09:56', '2016-04-10 00:40:25'),
(1127, 'User4', '2016-04-10 06:10:39', '2016-04-10 00:41:05'),
(1128, 'user1', '2016-04-10 06:11:18', '2016-04-10 00:42:32'),
(1129, 'user1', '2016-04-10 11:17:08', '2016-04-10 05:50:02'),
(1130, 'user2', '2016-04-10 11:20:11', '2016-04-10 05:50:32'),
(1131, 'user3', '2016-04-10 11:20:41', '2016-04-10 05:50:54'),
(1132, 'user4', '2016-04-10 11:21:03', '2016-04-10 05:51:17'),
(1133, 'user1', '2016-04-10 11:21:28', '2016-04-10 05:52:25'),
(1134, 'user6', '2016-04-10 13:45:31', '2016-04-10 08:28:32'),
(1135, 'user6', '2016-04-10 21:38:31', '2016-04-10 16:10:13'),
(1136, 'user1', '2016-04-10 11:35:03', '2016-04-11 05:15:20'),
(1137, 'user2', '2016-04-11 10:45:28', '2016-04-11 05:15:51'),
(1138, 'user3', '2016-04-11 10:46:00', '2016-04-11 05:16:16'),
(1139, 'user4', '2016-04-11 10:46:23', '2016-04-11 05:16:49'),
(1140, 'user1', '2016-04-11 10:46:59', '2016-04-11 05:17:08'),
(1141, 'user2', '2016-04-11 10:47:15', '2016-04-11 05:17:33'),
(1142, 'user3', '2016-04-11 10:48:01', '2016-04-11 05:18:16'),
(1143, 'user4', '2016-04-11 10:48:23', '2016-04-11 05:18:36'),
(1144, 'user1', '2016-04-11 10:48:44', '2016-04-11 05:18:55'),
(1145, 'user2', '2016-04-11 10:49:03', '2016-04-11 05:19:14'),
(1146, 'user3', '2016-04-11 10:49:21', '2016-04-11 05:19:32'),
(1147, 'user4', '2016-04-11 10:49:39', '2016-04-11 05:20:22'),
(1148, 'user1', '2016-04-11 10:50:31', '2016-04-11 05:22:30'),
(1149, 'user6', '2016-04-11 10:52:37', '2016-04-11 05:28:50'),
(1150, 'USER1', '2016-04-11 11:02:28', '2016-04-11 05:40:09'),
(1151, 'user4', '2016-04-11 11:10:22', '2016-04-11 05:55:08'),
(1152, 'user1', '2016-04-11 11:39:36', '2016-04-11 06:09:57'),
(1153, 'user1', '2016-04-11 11:41:31', '2016-04-11 06:26:06'),
(1154, 'user6', '2016-04-11 11:56:15', '2016-04-11 06:58:07'),
(1155, 'user6', '2016-04-11 12:28:21', '2016-04-11 06:58:40'),
(1156, 'user6', '2016-04-11 12:28:48', '2016-04-11 06:59:22'),
(1157, 'user1', '2016-04-11 12:05:26', '2016-04-11 07:00:36'),
(1158, 'user6', '2016-04-11 12:37:48', '2016-04-11 07:08:24'),
(1159, 'user1', '2016-04-11 12:30:44', '2016-04-11 07:15:54'),
(1160, 'user1', '2016-04-11 12:46:00', '2016-04-11 07:33:39'),
(1161, 'user1', '2016-04-11 13:03:48', '2016-04-11 07:49:37'),
(1162, 'user1', '2016-04-11 13:19:47', '2016-04-11 07:50:15'),
(1163, 'user1', '2016-04-11 13:20:23', '2016-04-11 07:57:03'),
(1164, 'user6', '2016-04-11 13:37:37', '2016-04-11 08:08:51'),
(1165, 'USER6', '2016-04-11 13:47:16', '2016-04-11 08:18:08'),
(1166, 'user6', '2016-04-11 13:48:19', '2016-04-11 08:19:08'),
(1167, 'user6', '2016-04-11 13:49:17', '2016-04-11 08:20:55'),
(1168, 'user6', '2016-04-11 13:51:03', '2016-04-11 08:23:05'),
(1169, 'user1', '2016-04-11 13:27:16', '2016-04-11 09:06:30'),
(1170, 'user4', '2016-04-11 14:36:39', '2016-04-11 09:25:04'),
(1171, 'I_Maker', '2016-04-11 14:57:22', '2016-04-11 09:28:04'),
(1172, 'I_Maker', '2016-04-11 15:11:28', '2016-04-11 09:43:04'),
(1173, 'user1', '2016-04-11 15:16:40', '2016-04-11 09:54:57'),
(1174, 'user1', '2016-04-11 16:02:10', '2016-04-11 10:32:27'),
(1175, 'user6', '2016-04-11 14:03:01', '2016-04-11 10:33:04'),
(1176, 'User1', '2016-04-11 16:50:45', '2016-04-11 12:24:59'),
(1177, 'user1', '2016-04-11 17:55:12', '2016-04-11 12:25:20'),
(1178, 'User1', '2016-04-12 13:25:19', '2016-04-12 09:18:24'),
(1179, 'user1', '2016-04-12 15:03:33', '2016-04-12 10:23:08'),
(1180, 'user1', '2016-04-13 11:49:55', '2016-04-13 06:23:50'),
(1181, 'user1', '2016-04-13 11:54:15', '2016-04-13 06:25:54'),
(1182, 'user2', '2016-04-11 17:55:26', '2016-04-13 06:30:34'),
(1183, 'User3', '2016-04-13 12:00:48', '2016-04-13 06:31:20'),
(1184, 'user4', '2016-04-13 12:01:35', '2016-04-13 06:35:52'),
(1185, 'user1', '2016-04-13 12:12:55', '2016-04-13 06:59:11'),
(1186, 'User1', '2016-04-13 12:33:16', '2016-04-13 07:07:01'),
(1187, 'User1', '2016-04-13 12:37:17', '2016-04-13 07:08:25'),
(1188, 'User1', '2016-04-13 16:01:51', '2016-04-13 10:32:32'),
(1189, 'user1', '2016-04-13 18:57:14', '2016-04-13 13:28:00'),
(1190, 'user1', '2016-04-13 22:52:16', '2016-04-13 17:26:52'),
(1191, 'user1', '2016-04-14 11:07:07', '2016-04-14 07:15:10'),
(1192, 'user1', '2016-04-18 10:20:07', '2016-04-18 05:06:33'),
(1193, 'User1', '2016-04-20 09:57:16', '2016-04-20 04:27:53'),
(1194, 'user1', '2016-04-20 11:03:30', '2016-04-20 06:35:39'),
(1195, 'user1', '2016-04-21 11:40:05', '2016-04-21 09:52:19'),
(1196, 'user1', '2016-04-22 11:06:02', '2016-04-24 06:47:23'),
(1197, 'user1', '2016-04-24 12:25:12', '2016-04-24 06:55:44'),
(1198, 'user1', '2016-04-24 18:20:07', '2016-04-24 12:50:20'),
(1199, 'user1', '2016-04-24 22:01:54', '2016-04-24 16:33:56'),
(1200, 'User1', '2016-04-24 22:10:31', '2016-04-24 16:43:54'),
(1201, 'user4', '2016-04-24 22:14:28', '2016-04-24 16:44:48'),
(1202, 'user3', '2016-04-24 22:15:15', '2016-04-24 16:45:50'),
(1203, 'user1', '2016-04-25 10:11:19', '2016-04-25 04:47:26'),
(1204, 'user2', '2016-04-21 15:22:27', '2016-04-25 04:49:57'),
(1205, 'user3', '2016-04-25 10:20:10', '2016-04-25 04:50:52'),
(1206, 'user4', '2016-04-25 10:21:06', '2016-04-25 04:51:51'),
(1207, 'user1', '2016-04-25 10:21:59', '2016-04-25 04:52:47'),
(1208, 'user1', '2016-04-25 11:50:30', '2016-04-25 12:16:43'),
(1209, 'user4', '2016-04-25 17:47:16', '2016-04-25 12:36:29'),
(1210, 'user2', '2016-04-25 22:52:50', '2016-04-25 17:23:18'),
(1211, 'user3', '2016-04-26 11:39:24', '2016-04-26 06:54:53'),
(1212, 'user1', '2016-04-26 17:06:26', '2016-05-02 06:40:07'),
(1213, 'user2', '2016-04-28 13:23:50', '2016-05-02 06:40:18'),
(1214, 'user1', '2016-05-03 12:36:27', '2016-05-03 07:06:43'),
(1215, 'user2', '2016-05-03 14:03:23', '2016-05-03 08:33:37'),
(1216, 'user1', '2016-05-03 14:03:49', '2016-05-05 09:11:54'),
(1217, 'user1', '2016-05-10 18:20:21', '2016-05-10 12:50:38'),
(1218, 'user1', '2016-05-28 14:46:44', '2016-05-28 09:16:56'),
(1219, 'user1', '2016-05-31 14:52:32', '2016-05-31 09:22:42'),
(1220, 'user1', '2016-05-31 16:35:29', '2016-05-31 11:07:05'),
(1221, 'user2', '2016-05-31 16:40:07', '2016-05-31 11:14:34'),
(1222, 'User1', '2016-05-31 22:05:06', '2016-05-31 16:35:42'),
(1223, 'user1', '2016-05-31 22:48:41', '2016-05-31 17:23:04'),
(1224, 'user5', '2016-06-08 10:57:02', '2016-06-08 05:27:47'),
(1225, 'user1', '2016-06-08 10:58:00', '2016-06-08 05:36:34'),
(1226, 'user1', '2016-06-08 11:22:20', '2016-06-08 05:57:39'),
(1227, 'user5', '2016-06-08 11:36:13', '2016-06-08 06:08:59'),
(1228, 'user1', '2016-06-08 11:39:37', '2016-06-08 06:12:43'),
(1229, 'user2', '2016-05-31 17:05:26', '2016-06-08 06:22:00'),
(1230, 'user1', '2016-06-08 11:52:13', '2016-06-08 06:23:12'),
(1231, 'user1', '2016-06-08 11:53:55', '2016-06-08 06:26:00'),
(1232, 'user1', '2016-06-08 11:56:25', '2016-06-08 06:30:53'),
(1233, 'user1', '2016-06-08 12:01:17', '2016-06-08 06:43:12'),
(1234, 'user1', '2016-06-08 12:22:37', '2016-06-08 07:07:46'),
(1235, 'user1', '2016-06-08 12:38:09', '2016-06-08 07:10:43'),
(1236, 'user1', '2016-06-08 12:46:32', '2016-06-08 07:18:53'),
(1237, 'user1', '2016-06-08 12:49:15', '2016-06-08 07:19:24'),
(1238, 'user2', '2016-06-08 12:49:35', '2016-06-08 09:13:10'),
(1239, 'user3', '2016-04-28 13:38:43', '2016-06-08 09:14:05'),
(1240, 'user2', '2016-06-08 14:44:25', '2016-06-08 09:32:03'),
(1241, 'user5', '2016-06-08 14:41:42', '2016-06-08 13:20:53'),
(1242, 'user5', '2016-06-09 10:37:03', '2016-06-09 05:22:23'),
(1243, 'user1', '2016-06-09 10:40:04', '2016-06-09 05:33:37'),
(1244, 'user5', '2016-06-09 11:03:48', '2016-06-09 05:39:46'),
(1245, 'user1', '2016-06-09 11:10:38', '2016-06-09 05:42:44'),
(1246, 'User1', '2016-06-09 13:32:05', '2016-06-09 08:03:50'),
(1247, 'user1', '2016-06-09 16:08:47', '2016-06-09 10:40:46'),
(1248, 'user1', '2016-06-09 16:11:10', '2016-06-09 11:26:48'),
(1249, 'user1', '2016-06-09 17:01:06', '2016-06-09 11:32:27'),
(1250, 'user1', '2016-06-09 17:03:04', '2016-06-10 03:23:45'),
(1251, 'user5', '2016-06-09 11:13:07', '2016-06-10 04:12:47'),
(1252, 'User1', '2016-06-10 09:12:58', '2016-06-10 04:12:55'),
(1253, 'user2', '2016-06-10 12:36:47', '2016-06-10 07:07:45'),
(1254, 'user5', '2016-06-10 12:37:57', '2016-06-10 07:09:27'),
(1255, 'user1', '2016-06-10 09:43:08', '2016-06-14 07:28:06'),
(1256, 'user1', '2016-06-14 14:54:45', '2016-06-14 09:25:06'),
(1257, 'user1', '2016-06-14 14:55:24', '2016-06-14 10:14:28'),
(1258, 'user1', '2016-06-14 17:38:28', '2016-06-14 12:08:41'),
(1259, 'user1', '2016-06-14 17:38:52', '2016-06-14 12:14:47'),
(1260, 'user1', '2016-06-15 14:13:55', '2016-06-15 08:44:47'),
(1261, 'user1', '2016-06-15 14:15:07', '2016-06-15 08:49:24'),
(1262, 'user1', '2016-06-15 14:19:50', '2016-06-15 08:53:48'),
(1263, 'user1', '2016-06-15 14:24:08', '2016-06-21 13:29:14'),
(1264, 'user5', '2016-07-05 14:32:11', '2016-07-05 09:03:17'),
(1265, 'user1', '2016-07-05 14:39:43', '2016-07-05 09:13:56'),
(1266, 'user5', '2016-07-05 14:44:22', '2016-07-29 05:05:01'),
(1267, 'user1', '2016-07-29 10:35:08', '2016-07-29 09:31:40'),
(1268, 'user1', '2016-07-29 15:02:11', '2016-07-29 09:32:51'),
(1269, 'user1', '2016-07-29 16:35:28', '2016-07-29 11:05:35'),
(1270, 'user1', '2016-08-29 14:01:57', '2016-08-29 08:35:34'),
(1271, 'user1', '2016-08-30 09:27:06', '2016-09-09 12:05:10'),
(1272, 'user1', '2016-09-09 17:41:03', '2016-09-09 12:13:43'),
(1273, 'user1', '2016-09-09 18:54:50', '2016-09-09 14:07:31'),
(1274, 'user1', '2016-09-09 19:39:16', '2016-09-09 15:12:46'),
(1275, 'user1', '2016-09-10 16:39:35', '2016-09-10 11:10:02'),
(1276, 'user1', '2016-09-10 16:42:41', '2016-09-10 11:13:55'),
(1277, 'user1', '2016-09-12 23:09:11', '2016-09-12 17:39:33'),
(1278, 'user5', '2016-09-15 13:06:20', '2016-09-15 07:42:48'),
(1279, 'user5', '2016-09-15 13:13:19', '2016-09-15 07:44:10'),
(1280, 'user5', '2016-09-15 13:14:25', '2016-09-15 07:44:49'),
(1281, 'user5', '2016-09-15 13:15:02', '2016-09-15 07:46:27'),
(1282, 'user5', '2016-09-15 13:16:42', '2016-09-16 08:44:07'),
(1283, 'user5', '2016-09-16 16:21:26', '2016-09-16 12:26:30'),
(1284, 'user1', '2016-09-16 10:20:09', '2016-09-21 09:38:20'),
(1285, 'user2', '2016-09-21 15:08:34', '2016-09-21 09:39:15'),
(1286, 'user5', '2016-09-21 15:09:29', '2016-09-21 09:40:44'),
(1287, 'user1', '2016-10-21 05:00:11', '2016-10-20 23:32:12'),
(1288, 'user5', '2016-10-21 06:30:08', '2016-10-21 01:03:32'),
(1289, 'user1', '2016-10-21 06:33:53', '2016-10-21 01:06:21'),
(1290, 'I_Maker', '2016-11-09 14:58:06', '2016-11-09 09:28:19'),
(1291, 'I_Maker', '2016-11-09 14:58:39', '2016-11-09 09:29:08'),
(1292, 'I_Maker', '2016-11-09 15:02:56', '2016-11-09 09:37:10'),
(1293, 'I_Maker', '2016-11-09 21:50:45', '2016-11-09 16:21:20'),
(1294, 'user1', '2016-12-20 13:06:03', '2016-12-20 07:36:12'),
(1295, 'user5', '2016-12-20 13:06:18', '2016-12-20 07:36:29'),
(1296, 'user1', '2016-12-20 14:04:43', '2016-12-20 08:35:25'),
(1297, 'user2', '2016-10-21 06:36:42', '2016-12-20 08:42:03'),
(1298, 'user5', '2016-12-20 14:14:09', '2016-12-20 09:05:09'),
(1299, 'B_Maker', '2016-12-20 14:35:40', '2016-12-20 09:06:37'),
(1300, 'B_Verifier', '2016-12-20 14:36:50', '2016-12-20 09:07:14'),
(1301, 'B_Auth1', '2016-12-20 14:37:29', '2016-12-20 09:08:21'),
(1302, 'user5', '2016-12-20 14:38:42', '2016-12-20 09:10:45'),
(1303, 'B_Auth1', '2016-12-20 14:41:02', '2016-12-20 09:11:32'),
(1304, 'B_Auth1', '2016-12-20 14:42:59', '2016-12-20 09:13:42'),
(1305, 'B_Auth1', '2016-12-20 14:43:54', '2016-12-20 09:14:19'),
(1306, 'user5', '2016-12-20 14:44:35', '2016-12-20 09:21:44'),
(1307, 'B_Maker', '2016-12-20 14:52:02', '2016-12-20 09:22:51'),
(1308, 'B_Verifier', '2016-12-20 14:53:11', '2016-12-20 09:23:28'),
(1309, 'B_Auth1', '2016-12-20 14:53:42', '2016-12-20 09:23:56'),
(1310, 'B_Treasury', '2016-04-11 14:58:25', '2016-12-20 09:25:24'),
(1311, 'B_Maker', '2016-12-20 14:55:39', '2016-12-20 09:26:30'),
(1312, 'B_Verifier', '2016-12-20 14:56:41', '2016-12-20 09:27:01'),
(1313, 'B_Auth1', '2016-12-20 14:57:41', '2016-12-20 09:28:02'),
(1314, 'B_Auth2', '2016-12-20 14:58:38', '2016-12-20 09:29:02'),
(1315, 'B_Treasury', '2016-12-20 14:59:12', '2016-12-20 09:29:34'),
(1316, 'user1', '2016-12-20 15:22:06', '2016-12-22 06:46:10'),
(1317, 'user1', '2016-12-22 13:20:10', '2016-12-22 10:54:48'),
(1318, 'B_Verifier', '2016-12-22 16:25:14', '2016-12-22 10:57:32'),
(1319, 'B_Auth1', '2016-12-22 16:27:50', '2016-12-22 10:58:02'),
(1320, 'B_Auth2', '2016-12-22 16:28:14', '2016-12-22 10:58:46'),
(1321, 'B_Treasury', '2016-12-22 16:28:58', '2016-12-22 11:01:02'),
(1322, 'user1', '2016-12-23 16:20:51', '2016-12-23 12:17:52'),
(1323, 'user1', '2016-12-24 11:51:44', '2016-12-24 06:21:51'),
(1324, 'user1', '2016-12-24 11:52:18', '2016-12-29 05:13:20'),
(1325, 'user1', '2017-01-11 13:01:52', '2017-01-11 07:36:00'),
(1326, 'user1', '2017-01-11 13:08:42', '2017-01-12 10:25:48'),
(1327, 'n_verifier', '2017-01-12 16:01:53', '2017-01-12 10:36:58'),
(1328, 'b_verifier', '2017-01-12 16:07:16', '2017-01-12 12:36:43'),
(1329, 's_auth1', '2017-01-12 18:08:08', '2017-01-12 12:52:31'),
(1330, 's_auth1', '2017-01-18 11:51:46', '2017-01-18 06:24:54'),
(1331, 'B_Auth1', '2017-01-18 11:55:09', '2017-01-18 06:25:29'),
(1332, 'user1', '2017-01-18 11:55:39', '2017-01-27 06:04:22'),
(1333, 'user1', '2017-01-27 11:34:37', '2017-01-27 06:04:44'),
(1334, 'b_verifier', '2017-01-27 11:35:14', '2017-01-27 06:35:26'),
(1335, 'user1', '2017-01-27 12:05:41', '2017-01-27 06:36:24'),
(1336, 'b_auth1', '2017-01-27 12:06:41', '2017-01-27 06:38:02'),
(1337, 'user1', '2017-01-27 12:08:17', '2017-03-28 07:13:24'),
(1338, 'user1', '2017-03-28 12:43:46', '2017-03-28 07:13:57'),
(1339, 'user1', '2017-03-28 17:55:01', '2017-03-29 04:32:15'),
(1340, 'user1', '2017-03-29 10:02:56', '2017-03-29 06:52:55'),
(1341, 'user1', '2017-03-29 12:34:18', '2017-03-29 12:07:02'),
(1342, 'user5', '2016-12-20 14:59:49', '2017-03-29 12:11:04'),
(1343, 'user6', '2016-06-10 12:39:41', '2017-03-29 12:13:21'),
(1344, 'I_Maker', '2017-03-29 17:59:40', '2017-03-29 12:31:24'),
(1345, 'I_Auth', '2017-03-29 18:01:48', '2017-03-29 12:32:50'),
(1346, 'N_Maker', '2017-03-29 18:03:15', '2017-03-29 12:46:59'),
(1347, 'B_Maker', '2016-12-20 15:00:32', '2017-03-29 12:48:40'),
(1348, 'B_Verifier', '2017-03-29 18:19:32', '2017-03-29 12:51:19'),
(1349, 'B_Auth1', '2017-03-29 18:21:46', '2017-03-29 12:53:18'),
(1350, 'B_Treasury', '2017-03-29 18:23:57', '2017-03-29 13:06:09'),
(1351, 'user6', '2017-03-29 18:36:34', '2017-03-29 13:10:32'),
(1352, 'user6', '2017-03-29 18:41:14', '2017-03-29 13:19:46'),
(1353, 'user2', '2017-03-28 12:44:23', '2017-03-30 07:08:12'),
(1354, 'user1', '2017-04-03 17:44:06', '2017-04-04 07:51:23'),
(1355, 'user5', '2017-03-30 09:46:14', '2017-04-04 08:13:59'),
(1356, 'user1', '2017-04-04 15:13:56', '2017-04-04 09:44:05'),
(1357, 'user1', '2017-04-04 15:14:39', '2017-04-04 09:44:59'),
(1358, 'user1', '2017-04-04 15:17:02', '2017-04-04 10:46:45'),
(1359, 'user1', '2017-04-24 10:26:04', '2017-04-24 04:56:25'),
(1360, 'user1', '2017-04-24 10:36:37', '2017-04-24 05:18:54'),
(1361, 'user1', '2017-04-24 10:49:33', '2017-04-24 05:19:39'),
(1362, 'user1', '2017-04-24 10:50:07', '2017-04-24 05:23:17'),
(1363, 'user1', '2017-05-16 15:16:47', '2017-05-16 09:47:43'),
(1364, 'user1', '2017-05-16 15:47:43', '2017-05-16 10:17:47'),
(1365, 'user1', '2017-05-16 16:12:23', '2017-05-16 10:42:28'),
(1366, 'user1', '2017-05-16 16:18:33', '2017-05-16 10:58:59'),
(1367, 'user1', '2017-05-16 16:29:18', '2017-05-24 12:00:53'),
(1368, 'user1', '2017-05-25 10:35:59', '2017-05-25 05:10:37'),
(1369, 'user1', '2017-05-25 12:15:45', '2017-05-25 06:49:34'),
(1370, 'user6', '2017-05-25 12:20:27', '2017-05-25 06:51:49'),
(1371, 'user1', '2017-05-25 12:22:57', '2017-05-25 06:53:13'),
(1372, 'user1', '2017-05-25 12:41:20', '2017-05-30 11:22:54'),
(1373, 'user1', '2017-05-30 17:00:21', '2017-05-30 11:37:28'),
(1374, 'user6', '2017-05-30 17:07:45', '2017-05-30 11:44:45'),
(1375, 'user1', '2017-05-30 17:25:50', '2017-05-30 12:35:04'),
(1376, 'user1', '2017-05-30 18:06:47', '2017-05-30 12:36:53'),
(1377, 'user3', '2017-05-30 18:07:06', '2017-05-30 12:37:35'),
(1378, 'user1', '2017-05-30 18:07:49', '2017-05-31 07:28:20'),
(1379, 'user2', '2017-03-28 12:44:23', '2017-05-31 07:30:44'),
(1380, 'user1', '2017-05-31 15:21:55', '2017-05-31 10:10:57'),
(1381, 'user1', '2017-05-31 15:41:43', '2017-05-31 10:27:05'),
(1382, 'user1', '2017-05-31 16:52:04', '2017-06-06 09:39:53');

--
-- Indexes for dumped tables
--

--
-- Indexes for table `app_master`
--
ALTER TABLE `app_master`
  ADD PRIMARY KEY (`app_id`);

--
-- Indexes for table `components`
--
ALTER TABLE `components`
  ADD PRIMARY KEY (`Comp_Id`);

--
-- Indexes for table `cust_app`
--
ALTER TABLE `cust_app`
  ADD PRIMARY KEY (`sl_no`);

--
-- Indexes for table `cust_master`
--
ALTER TABLE `cust_master`
  ADD PRIMARY KEY (`cust_id`);

--
-- Indexes for table `resources`
--
ALTER TABLE `resources`
  ADD PRIMARY KEY (`id`);

--
-- Indexes for table `roles_master`
--
ALTER TABLE `roles_master`
  ADD PRIMARY KEY (`Role_Id`);

--
-- Indexes for table `rolewise_comps`
--
ALTER TABLE `rolewise_comps`
  ADD PRIMARY KEY (`SlNo`);

--
-- Indexes for table `user_profiles`
--
ALTER TABLE `user_profiles`
  ADD PRIMARY KEY (`SlNo`),
  ADD UNIQUE KEY `User_Id_UNIQUE` (`User_Id`);

--
-- Indexes for table `user_roles`
--
ALTER TABLE `user_roles`
  ADD PRIMARY KEY (`SlNo`);

--
-- Indexes for table `user_sessions`
--
ALTER TABLE `user_sessions`
  ADD PRIMARY KEY (`User_Id`);

--
-- Indexes for table `user_ssn_log`
--
ALTER TABLE `user_ssn_log`
  ADD PRIMARY KEY (`SlNo`);

--
-- AUTO_INCREMENT for dumped tables
--

--
-- AUTO_INCREMENT for table `app_master`
--
ALTER TABLE `app_master`
  MODIFY `app_id` int(10) NOT NULL AUTO_INCREMENT, AUTO_INCREMENT=37;
--
-- AUTO_INCREMENT for table `components`
--
ALTER TABLE `components`
  MODIFY `Comp_Id` bigint(10) NOT NULL AUTO_INCREMENT, AUTO_INCREMENT=24;
--
-- AUTO_INCREMENT for table `cust_app`
--
ALTER TABLE `cust_app`
  MODIFY `sl_no` int(11) NOT NULL AUTO_INCREMENT, AUTO_INCREMENT=159;
--
-- AUTO_INCREMENT for table `cust_master`
--
ALTER TABLE `cust_master`
  MODIFY `cust_id` int(11) NOT NULL AUTO_INCREMENT, AUTO_INCREMENT=103;
--
-- AUTO_INCREMENT for table `resources`
--
ALTER TABLE `resources`
  MODIFY `id` int(11) NOT NULL AUTO_INCREMENT, AUTO_INCREMENT=13;
--
-- AUTO_INCREMENT for table `roles_master`
--
ALTER TABLE `roles_master`
  MODIFY `Role_Id` bigint(10) NOT NULL AUTO_INCREMENT, AUTO_INCREMENT=10;
--
-- AUTO_INCREMENT for table `rolewise_comps`
--
ALTER TABLE `rolewise_comps`
  MODIFY `SlNo` bigint(10) NOT NULL AUTO_INCREMENT, AUTO_INCREMENT=79;
--
-- AUTO_INCREMENT for table `user_profiles`
--
ALTER TABLE `user_profiles`
  MODIFY `SlNo` bigint(10) NOT NULL AUTO_INCREMENT, AUTO_INCREMENT=27;
--
-- AUTO_INCREMENT for table `user_roles`
--
ALTER TABLE `user_roles`
  MODIFY `SlNo` bigint(10) NOT NULL AUTO_INCREMENT, AUTO_INCREMENT=83;
--
-- AUTO_INCREMENT for table `user_ssn_log`
--
ALTER TABLE `user_ssn_log`
  MODIFY `SlNo` bigint(10) NOT NULL AUTO_INCREMENT, AUTO_INCREMENT=1383;
/*!40101 SET CHARACTER_SET_CLIENT=@OLD_CHARACTER_SET_CLIENT */;
/*!40101 SET CHARACTER_SET_RESULTS=@OLD_CHARACTER_SET_RESULTS */;
/*!40101 SET COLLATION_CONNECTION=@OLD_COLLATION_CONNECTION */;
